"ID","Group","n_sessions","is_high_adherence","adherence_pct"
"P001","AI组",8,TRUE,100
"P003","Self组",8,TRUE,100
"P004","AI组",8,TRUE,100
"P005","AI组",8,TRUE,100
"P006","AI组",8,TRUE,100
"P007","AI组",8,TRUE,100
"P009","AI组",8,TRUE,100
"P010","AI组",8,TRUE,100
"P011","AI组",8,TRUE,100
"P012","Self组",8,TRUE,100
"P013","Self组",8,TRUE,100
"P014","Self组",8,TRUE,100
"P015","Self组",8,TRUE,100
"P016","AI组",8,TRUE,100
"P018","AI组",8,TRUE,100
"P019","Self组",8,TRUE,100
"P020","Self组",8,TRUE,100
"P021","Self组",8,TRUE,100
"P023","Self组",8,TRUE,100
"P025","AI组",8,TRUE,100
"P027","Self组",8,TRUE,100
"P029","Self组",8,TRUE,100
"P030","Self组",8,TRUE,100
"P034","Self组",8,TRUE,100
