"Group","Sess_factor","n","Mean","SD","Median","Min","Max","SE"
"AI组","S1",11,19.9090909090909,4.94882906260755,18,13,29,1.49212810475231
"AI组","S2",11,20.9090909090909,3.08073190831482,20,16,27,0.928875619959622
"AI组","S3",11,20.8636363636364,3.3323483393165,21,15,25,1.0047408283888
"AI组","S4",11,21.4545454545455,1.86352549559357,21,19,25,0.561874077831362
"AI组","S5",11,21.0909090909091,5.24317738503182,22,11,29,1.58087746322067
"AI组","S6",11,20.8181818181818,2.48266718744909,20,16,25,0.748552321826869
"AI组","S7",11,19.6363636363636,4.34218210748299,20,12,26,1.30921716562871
"AI组","S8",11,18.4545454545455,5.42887900700755,19,10,28,1.63686860895284
"Self组","S1",13,18.5384615384615,1.76140969185596,19,13,20,0.48852715085276
"Self组","S2",13,19.6153846153846,1.26085034391223,20,16,21,0.349696966589381
"Self组","S3",13,20.1538461538462,1.21423184538991,20,19,23,0.336767321450351
"Self组","S4",13,20.5384615384615,1.12660142429822,20,19,23,0.312463015562922
"Self组","S5",13,20.4615384615385,1.7134460703207,21,15,22,0.475224435714119
"Self组","S6",13,20.8461538461538,1.72463299700515,21,16,23,0.478327130927632
"Self组","S7",13,19.3846153846154,1.75776664826239,20,14,21,0.487516752354655
"Self组","S8",13,18.6153846153846,1.89466186686268,19,13,20,0.525484654664595
