"ID","Group","g_Δ 深蹲绝对 1RM","diff_Δ 深蹲绝对 1RM","g_Δ CMJ 高度","diff_Δ CMJ 高度","g_Δ SJ 高度","diff_Δ SJ 高度","g_Δ 训练自我效能","diff_Δ 训练自我效能"
"P001","AI组",0.359211735020982,1.71365462556843,0.789529255898619,1.93415859443353,0.328200945090618,-0.0660260948465233,2.65172768036687,10.0624702409294
"P003","Self组",0.430922897916973,2.43875839763617,0.853667155586646,2.17664365887626,0.414938691032942,0.348340500201147,2.62919215674612,9.90175008750438
"P004","AI组",0.396393778360115,2.1676184951442,0.789529255898619,2.1050291312048,0.355044566648657,0.293724294803791,2.65172768036687,9.85622286971517
"P005","AI组",0.359211735020982,2.08250158664721,1.03169133042704,2.48978307735024,0.480720570697531,0.427283503647196,2.65172768036687,9.90978560276215
"P006","AI组",0.359211735020982,1.91722627552955,0.833059607804878,2.07837406837308,0.366957859021427,0.0536841967604893,2.5954032991279,9.67182552809414
"P007","AI组",0.664460496534241,3.36353458284957,0.835325375062444,2.14358302633154,0.602017471225851,0.777787125723036,2.5954032991279,9.95878265904321
"P009","AI组",0.592897448384337,3.11828010761832,0.764502077880533,1.98166694128021,0.398489680698699,0.445707444632478,3.6972208037784,10.7784187190975
"P010","AI组",0.436969723079801,2.25210361733404,0.93599549467542,2.38637385931586,0.539724286893056,0.596076935074494,2.60345469010522,9.74857744994732
"P011","AI组",0.592897448384337,3.07182486576693,0.806030370915045,2.07062553247748,0.379157247966801,0.371944717494655,2.62222062022025,9.94495762308352
"P012","Self组",0.398777227565906,1.87896198519509,0.774193989407403,1.98868209154612,0.372169964590198,0.1868540154082,2.60527770129413,9.74359717792597
"P013","Self组",0.467366856963192,2.60444763836115,1.0957799884905,2.56226256996416,0.554096030524778,0.588806292690798,2.65708853774642,10.0354944365723
"P014","Self组",0.467366856963192,1.82700528804014,0.78979352519401,1.72889409689675,0.539647075035969,0.470344476733719,2.60949391152118,9.70178605358161
"P015","Self组",0.617606690115394,3.15460222361324,0.773224839953676,2.05001250937643,0.27456315927877,0.207799469665463,4.02375904897126,10.6591443347438
"P016","AI组",0.592897448384337,3.11828010761833,1.2199051811825,2.72529211017456,0.61391557932149,0.697043379710571,2.62222062022025,9.74176782728792
"P018","AI组",0.533288059262704,2.77649769585257,0.721200586782771,1.72286173487576,0.398489680698699,0.363856336993116,2.5954032991279,9.6491043203372
"P019","Self组",0.509283622478691,2.54030338933279,0.843336619663548,2.22879823919595,0.411257661779366,0.401631500114171,2.60527770129413,9.72084089956697
"P020","Self组",0.430922897916973,2.4387583976362,0.853667155586646,2.16231681575057,0.400476164361723,0.272087695070813,2.61194880969204,9.77036044870721
"P021","Self组",0.467366856963192,2.60444763836116,0.765490095958034,1.80616203859541,0.487072663465714,0.55611444875162,2.62919215674612,9.93820994680481
"P023","Self组",0.430922897916973,2.36444448819677,0.846711340768351,2.16928754797321,0.411257661779366,0.378910046804918,2.61194880969204,9.82351335973153
"P025","AI组",0.291737634596517,1.52028284331972,0.790419168972776,2.14323112204963,0.273882809224099,0.316030790484192,2.59845227160652,9.40200567934713
"P027","Self组",0.430922897916973,2.51298059092597,0.846711340768351,2.17916003063466,0.404027526088673,0.391033108871766,2.61194880969204,9.73126456365413
"P029","Self组",0.398777227565906,2.21594066709107,0.850154533646634,2.26422596890258,0.418665268689385,0.470319605652979,2.61194880969204,9.70714551053912
"P030","Self组",0.509283622478691,2.73796994141375,0.868432907635697,2.30263888715518,0.422438631133924,0.464813728273329,2.61194880969204,9.75109120147025
"P034","Self组",0.398777227565906,2.05419491402139,0.864631947586882,2.28235444539716,0.418665268689385,0.4377205396627,2.62919215674612,9.85797380232665
