ID,Name,Group,Stratum,Age,Height_cm,BW_kg,BMI,SMM_kg,SMMI,FFM_kg,FFMI,PBF_pct,Pre1RM,Post1RM,PreCMJ,PostCMJ,PreSJ,PostSJ,PreSE,PostSE,Freq_wk,ResistYears,VBT_exp,SquatLoad,TotalLoad,Sets,Reps,sRPE,Duration,AIVelHit,Attend_int,MissingSessions,AutoReduce,SelfAdj,HooperMean,SAE,NonSerAE,Rel1RM_t0,Rel1RM_t1,d1RM,dCMJ,dSJ,dSE,dRel1RM,pct1RM,pctCMJ,pctSJ,pctSE,Freq_num
P001,赵天一,AI组,高力量层,23,176,74.5,24.05,35.8,11.56,63.92,20.64,14.2,135,152.5,62.5,69.2,57,63.5,68,85,2次/周,1-2年,否,14250,18520,29,108,6.2,850,82.5,7,S3,0,0,17.375,0,0,1.8120805369127517,2.046979865771812,17.5,6.700000000000003,6.5,17,0.23489932885906017,12.962962962962962,10.720000000000004,11.403508771929824,25,2
P003,张文杰,Self组,低力量层,22,172,69,23.32,32.5,10.99,58.58,19.8,15.1,115,122.5,56,59.8,51.2,54.5,60,68,2次/周,1-2年,否,11800,15200,28,102,6.8,750,NA,8,NA,NA,4,20.625,0,0,1.6666666666666667,1.7753623188405796,7.5,3.799999999999997,3.299999999999997,8,0.10869565217391286,6.521739130434782,6.785714285714281,6.445312499999995,13.333333333333334,2
P004,李浩然,AI组,低力量层,25,180,79.2,24.44,36.5,11.27,65.74,20.29,17,130,145,58.5,65.2,53,58.8,65,82,3次/周,2-3年,否,13900,17800,29,106,6.1,840,85,8,NA,0,0,19.875,0,0,1.6414141414141414,1.8308080808080807,15,6.700000000000003,5.799999999999997,17,0.18939393939393923,11.538461538461538,11.452991452991458,10.94339622641509,26.153846153846157,3
P005,曾庆华,AI组,高力量层,23,175,77.2,25.21,37.1,12.11,64.77,21.15,16.1,155,172.5,60.6,62.27,57.37,60.37,75,92,2次/周,1-2年,否,17450,22100,27,91,6,835,81.2,7,S1,0,0,16.875,0,0,2.0077720207253886,2.2344559585492227,17.5,1.6700000000000017,3,17,0.22668393782383411,11.29032258064516,2.7557755775577584,5.229213874847481,22.666666666666664,2
P006,陈镕垚,AI组,高力量层,24,181,81.4,24.85,40,12.21,70.17,21.42,13.8,145,162.5,62.17,67.57,56.77,62.27,70,90,3次/周,1-2年,否,15820,20450,31,105,6.3,865,86.4,8,NA,0,0,17.5,0,0,1.7813267813267812,1.996314496314496,17.5,5.3999999999999915,5.5,20,0.21498771498771485,12.068965517241379,8.685861347916987,9.688215606834595,28.57142857142857,3
P007,陈鑫,AI组,高力量层,20,173,59.4,19.85,29.5,9.86,51.8,17.31,12.8,110,112.5,66.33,71.67,62.6,63.63,58,78,≤1次/周,1-2年,否,11200,14800,28,102,7.2,805,76.5,8,NA,0,0,21.875,0,0,1.8518518518518519,1.893939393939394,2.5,5.340000000000003,1.0300000000000011,20,0.042087542087542174,2.272727272727273,8.050655811849847,1.6453674121405768,34.48275862068966,1
P009,王宏池,AI组,低力量层,24,185,85.7,25.04,40.6,11.86,70.96,20.73,17.2,130,135,55.5,63.13,54.93,59.67,62,70,3次/周,1-2年,否,12850,16500,26,92,7,805,69,8,NA,1,0,22.75,0,0,1.5169194865810969,1.575262543757293,5,7.630000000000003,4.740000000000002,8,0.058343057176196034,3.8461538461538463,13.747747747747752,8.62916439104315,12.903225806451612,3
P010,张锦荣,AI组,低力量层,29,174,73,24.11,33.1,10.93,58.47,19.31,19.9,120,132.5,53.07,56.23,49.67,51.63,60,79,≤1次/周,1-2年,否,11980,15600,27,95,7.1,805,71.5,7,S6,1,0,25.125,0,0,1.643835616438356,1.8150684931506849,12.5,3.1599999999999966,1.9600000000000009,19,0.17123287671232879,10.416666666666668,5.954399849255694,3.946043889671836,31.666666666666664,1
P011,朱怀远,AI组,高力量层,27,175,67.2,21.94,33.2,10.84,57.99,18.94,13.7,125,130,68.4,74.57,62.53,67.73,68,86,3次/周,1-2年,否,13100,16900,29,104,6.1,830,88,8,NA,0,0,20.5,0,0,1.8601190476190474,1.9345238095238095,5,6.1699999999999875,5.200000000000003,18,0.07440476190476208,4,9.020467836257291,8.31600831600832,26.47058823529412,3
P012,张陈生,Self组,高力量层,23,180,81.2,25.06,39.4,12.16,68.78,21.23,15.3,150,155,65.37,66.07,60.87,62.93,74,80,2次/周,3年以上,否,16500,21200,30,110,6.2,830,NA,8,NA,NA,1,19.75,0,0,1.8472906403940885,1.9088669950738915,5,0.6999999999999886,2.0600000000000023,6,0.061576354679802936,3.3333333333333335,1.0708275967569048,3.3842615409889967,8.108108108108109,2
P013,刘世灏,Self组,低力量层,28,186,75.6,21.85,37.2,10.75,65.24,18.86,13.7,120,130,58.57,66.67,54.03,60.33,62,71,2次/周,1-2年,否,12650,16100,29,108,6.5,800,NA,8,NA,NA,6,20.125,0,0,1.5873015873015874,1.7195767195767198,10,8.100000000000001,6.299999999999997,9,0.13227513227513232,8.333333333333332,13.82960560013659,11.660188784008877,14.516129032258066,2
P014,陶俊杰,Self组,高力量层,23,174,68.8,22.72,35.3,11.66,61.16,20.2,11.1,170,180,77.47,79,65.6,71.65,80,85,≥4次/周,3年以上,否,18600,23800,31,112,6.1,840,NA,8,NA,NA,1,16.625,0,0,2.4709302325581395,2.616279069767442,10,1.5300000000000011,6.050000000000011,5,0.14534883720930258,5.88235294117647,1.9749580482767537,9.222560975609774,6.25,4
P015,黄天祺,Self组,高力量层,23,175,74.4,24.29,34.6,11.3,60.71,19.82,18.4,130,147.5,55.43,56.07,54.1,52.6,66,85,≥4次/周,3年以上,否,13500,17200,29,104,6.4,820,NA,8,NA,NA,2,19.625,0,0,1.747311827956989,1.98252688172043,17.5,0.6400000000000006,-1.5,19,0.23521505376344098,13.461538461538462,1.1546094172830608,-2.7726432532347505,28.78787878787879,4
P016,杜遥,AI组,低力量层,28,198,99.4,25.35,47.4,12.09,83.5,21.3,16,130,135,52.37,52.03,47.33,48.2,66,84,≤1次/周,1-2年,否,12950,16800,26,94,6.5,780,78.2,8,NA,2,0,20.5,0,0,1.3078470824949697,1.3581488933601609,5,-0.3399999999999963,0.8700000000000045,18,0.05030181086519114,3.8461538461538463,-0.649226656482712,1.8381576167335827,27.27272727272727,1
P018,孟维宇,AI组,低力量层,26,182,75.5,22.79,35.5,10.72,62.89,18.99,16.7,122.5,130,55.37,65.67,52.13,56.87,60,80,≤1次/周,1-2年,否,12100,15800,28,98,6.9,795,74.2,8,NA,0,0,20.375,0,0,1.6225165562913908,1.7218543046357615,7.5,10.300000000000004,4.739999999999995,20,0.0993377483443707,6.122448979591836,18.602131117933908,9.092652982927287,33.33333333333333,1
P019,吴海峰,Self组,高力量层,24,181,82,25.03,38.5,11.75,69.54,21.23,15.2,150,162.5,63.5,67,58,61.2,72,78,3次/周,3年以上,否,15900,20200,30,108,6.3,830,NA,8,NA,NA,2,19.25,0,0,1.829268292682927,1.9817073170731707,12.5,3.5,3.200000000000003,6,0.15243902439024382,8.333333333333332,5.511811023622047,5.51724137931035,8.333333333333332,3
P020,郑小龙,Self组,低力量层,22,170,67.5,23.36,32,11.07,57.51,19.9,14.8,115,122.5,57.2,61,52.1,55,58,65,2次/周,1-2年,否,11500,14900,28,100,6.7,750,NA,8,NA,NA,4,20.375,0,0,1.7037037037037037,1.8148148148148149,7.5,3.799999999999997,2.8999999999999986,7,0.11111111111111116,6.521739130434782,6.643356643356638,5.566218809980803,12.068965517241379,2
P021,李浩然,Self组,低力量层,25,172,76.3,25.79,34.7,11.73,61.12,20.66,19.9,120,130,57.17,57.27,49.27,54.3,62,70,2次/周,1-2年,否,12800,16400,29,106,6.3,810,NA,8,NA,NA,3,19.5,0,0,1.5727391874180865,1.7038007863695939,10,0.10000000000000142,5.029999999999994,8,0.13106159895150737,8.333333333333332,0.1749169144656313,10.209052161558745,12.903225806451612,2
P023,邓嘉伟,Self组,低力量层,23,174,71.5,23.62,33,10.9,60.42,19.96,15.5,120,127.5,55,58.6,50,53.2,61,68,2次/周,2-3年,否,12000,15400,28,102,6.6,760,NA,8,NA,NA,3,20.375,0,0,1.6783216783216783,1.7832167832167831,7.5,3.6000000000000014,3.200000000000003,7,0.10489510489510478,6.25,6.545454545454548,6.400000000000006,11.475409836065573,2
P025,范芳忠,AI组,低力量层,25,178,80.4,25.38,40.1,12.66,69.95,22.08,13,135,157.5,61.5,68.17,59.13,67.13,68,89,2次/周,2-3年,否,14600,18900,30,108,5.8,840,89.5,8,NA,0,0,21.5625,0,0,1.6791044776119401,1.958955223880597,22.5,6.670000000000002,7.999999999999993,21,0.2798507462686568,16.666666666666664,10.845528455284557,13.529511246406212,30.88235294117647,2
P027,曹光耀,Self组,低力量层,23,172,70,23.66,32.8,11.09,58.94,19.92,15.8,110,117.5,54.2,57.8,49,52,56,63,2次/周,1-2年,否,10800,14100,27,98,6.9,740,NA,8,NA,NA,5,21.125,0,0,1.5714285714285714,1.6785714285714286,7.5,3.5999999999999943,3,7,0.1071428571428572,6.8181818181818175,6.642066420664196,6.122448979591836,12.5,2
P029,潘承志,Self组,高力量层,24,175,73.5,24,34.2,11.17,62.55,20.42,14.9,127.5,132.5,61.8,65.5,55.2,58.6,65,72,2次/周,2-3年,否,13000,16600,29,105,6.2,815,NA,8,NA,NA,2,20.125,0,0,1.7346938775510203,1.8027210884353742,5,3.700000000000003,3.3999999999999986,7,0.06802721088435382,3.9215686274509802,5.987055016181235,6.15942028985507,10.76923076923077,2
P030,袁国强,Self组,高力量层,25,177,76.2,24.32,35.5,11.33,63.78,20.36,16.3,132.5,145,62,66.2,56,59.5,68,75,3次/周,2-3年,否,13800,17500,30,108,6.3,820,NA,8,NA,NA,1,19.75,0,0,1.7388451443569553,1.9028871391076114,12.5,4.200000000000003,3.5,7,0.16404199475065617,9.433962264150944,6.774193548387101,6.25,10.294117647058822,3
P034,董家豪,Self组,高力量层,25,180,79.5,24.54,37.2,11.48,66.86,20.64,15.9,140,145,63,67.1,57.1,60.5,70,78,3次/周,3年以上,否,14500,18400,30,108,6.1,820,NA,8,NA,NA,2,19.75,0,0,1.7610062893081762,1.8238993710691824,5,4.099999999999994,3.3999999999999986,8,0.06289308176100628,3.571428571428571,6.507936507936499,5.954465849387038,11.428571428571429,3
