ID,Session,Week,GA,App,Mean,Diff
P001,S1,W1_A,0.82,0.84,0.830,0.02
P001,S2,W1_B,0.79,0.81,0.800,0.02
P001,S3,W2_A,0.83,0.85,0.840,0.02
P001,S4,W2_B,0.81,0.82,0.815,0.01
P001,S5,W3_A,0.84,0.86,0.850,0.02
P001,S6,W3_B,0.81,0.83,0.820,0.02
P001,S7,W4_A,0.81,0.82,0.815,0.01
P001,S8,W4_B,0.83,0.85,0.840,0.02
P004,S1,W1_A,0.82,0.84,0.830,0.02
P004,S2,W1_B,0.83,0.85,0.840,0.02
P004,S3,W2_A,0.81,0.83,0.820,0.02
P004,S4,W2_B,0.82,0.84,0.830,0.02
P004,S5,W3_A,0.84,0.86,0.850,0.02
P004,S6,W3_B,0.85,0.87,0.860,0.02
P004,S7,W4_A,0.86,0.88,0.870,0.02
P004,S8,W4_B,0.88,0.90,0.890,0.02
P005,S1,W1_A,0.98,1.01,0.995,0.03
P005,S2,W1_B,1.07,1.10,1.085,0.03
P005,S3,W2_A,0.75,0.77,0.760,0.02
P005,S4,W2_B,1.06,1.09,1.075,0.03
P005,S5,W3_A,0.84,0.86,0.850,0.02
P005,S6,W3_B,1.01,1.04,1.025,0.03
P005,S7,W4_A,0.87,0.89,0.880,0.02
P005,S8,W4_B,1.12,1.15,1.135,0.03
P006,S1,W1_A,0.90,0.92,0.910,0.02
P006,S2,W1_B,1.28,1.31,1.295,0.03
P006,S3,W2_A,0.80,0.82,0.810,0.02
P006,S4,W2_B,1.22,1.25,1.235,0.03
P006,S5,W3_A,0.86,0.88,0.870,0.02
P006,S6,W3_B,1.06,1.08,1.070,0.02
P006,S7,W4_A,0.88,0.90,0.890,0.02
P006,S8,W4_B,1.14,1.17,1.155,0.03
P007,S1,W1_A,0.92,0.94,0.930,0.02
P007,S2,W1_B,0.97,1.00,0.985,0.03
P007,S3,W2_A,0.98,1.00,0.990,0.02
P007,S4,W2_B,1.01,1.03,1.020,0.02
P007,S5,W3_A,0.86,0.88,0.870,0.02
P007,S6,W3_B,1.06,1.08,1.070,0.02
P007,S7,W4_A,0.86,0.87,0.865,0.01
P007,S8,W4_B,1.10,1.12,1.110,0.02
P009,S1,W1_A,0.92,0.94,0.930,0.02
P009,S2,W1_B,1.02,1.05,1.035,0.03
P009,S3,W2_A,0.73,0.75,0.740,0.02
P009,S4,W2_B,0.94,0.96,0.950,0.02
P009,S5,W3_A,0.72,0.74,0.730,0.02
P009,S6,W3_B,0.96,0.98,0.970,0.02
P009,S7,W4_A,0.87,0.89,0.880,0.02
P009,S8,W4_B,0.96,0.99,0.975,0.03
P010,S1,W1_A,0.85,0.87,0.860,0.02
P010,S2,W1_B,0.92,0.94,0.930,0.02
P010,S3,W2_A,0.70,0.72,0.710,0.02
P010,S4,W2_B,0.90,0.92,0.910,0.02
P010,S5,W3_A,0.55,0.57,0.560,0.02
P010,S6,W3_B,0.78,0.80,0.790,0.02
P010,S7,W4_A,0.65,0.67,0.660,0.02
P010,S8,W4_B,0.84,0.86,0.850,0.02
P011,S1,W1_A,0.84,0.86,0.850,0.02
P011,S2,W1_B,0.98,1.01,0.995,0.03
P011,S3,W2_A,0.77,0.79,0.780,0.02
P011,S4,W2_B,0.88,0.90,0.890,0.02
P011,S5,W3_A,0.73,0.75,0.740,0.02
P011,S6,W3_B,0.95,0.97,0.960,0.02
P011,S7,W4_A,0.77,0.79,0.780,0.02
P011,S8,W4_B,0.94,0.96,0.950,0.02
P016,S1,W1_A,0.85,0.87,0.860,0.02
P016,S2,W1_B,1.01,1.03,1.020,0.02
P016,S3,W2_A,0.82,0.84,0.830,0.02
P016,S4,W2_B,1.02,1.04,1.030,0.02
P016,S5,W3_A,0.79,0.81,0.800,0.02
P016,S6,W3_B,1.00,1.02,1.010,0.02
P016,S7,W4_A,0.82,0.84,0.830,0.02
P016,S8,W4_B,0.91,0.93,0.920,0.02
P018,S1,W1_A,0.62,0.64,0.630,0.02
P018,S2,W1_B,0.93,0.95,0.940,0.02
P018,S3,W2_A,0.65,0.67,0.660,0.02
P018,S4,W2_B,0.91,0.93,0.920,0.02
P018,S5,W3_A,0.65,0.67,0.660,0.02
P018,S6,W3_B,0.95,0.97,0.960,0.02
P018,S7,W4_A,0.72,0.74,0.730,0.02
P018,S8,W4_B,1.01,1.03,1.020,0.02
P025,S1,W1_A,0.93,0.95,0.940,0.02
P025,S2,W1_B,1.04,1.07,1.055,0.03
P025,S3,W2_A,0.98,1.00,0.990,0.02
P025,S4,W2_B,1.11,1.13,1.120,0.02
P025,S5,W3_A,0.89,0.91,0.900,0.02
P025,S6,W3_B,1.01,1.03,1.020,0.02
P025,S7,W4_A,0.91,0.93,0.920,0.02
P025,S8,W4_B,1.11,1.14,1.125,0.03
