Mean,Diff,ID,Session,Set,Rep
0.490,0.020,P006,S1,1,1
0.300,-0.020,P006,S1,1,2
0.585,-0.010,P006,S1,2,1
0.530,0.020,P006,S1,2,2
0.510,0.000,P006,S1,2,3
0.440,0.020,P006,S1,2,4
0.600,-0.020,P006,S1,3,1
0.570,0.020,P006,S1,3,2
0.515,0.010,P006,S1,3,3
0.500,-0.020,P006,S1,3,4
0.450,0.020,P006,S1,3,5
0.605,0.010,P006,S1,4,1
0.520,-0.020,P006,S1,4,2
0.535,0.010,P006,S1,4,3
0.470,-0.020,P006,S1,4,4
0.650,0.020,P006,S1,5,1
0.590,-0.020,P006,S1,5,2
0.520,0.020,P006,S1,5,3
0.495,-0.010,P006,S1,5,4
0.350,0.020,P006,S1,5,5
0.770,0.020,P016,S4,1,1
0.820,-0.020,P016,S4,1,2
0.745,0.010,P016,S4,1,3
0.790,-0.020,P016,S4,1,4
0.840,0.020,P016,S4,1,5
0.810,-0.020,P016,S4,2,1
0.800,0.020,P016,S4,2,2
0.780,0.000,P016,S4,2,3
0.790,0.020,P016,S4,2,4
0.730,-0.020,P016,S4,2,5
0.770,0.020,P016,S4,3,1
0.710,-0.020,P016,S4,3,2
0.660,0.020,P016,S4,3,3
0.685,-0.010,P016,S4,3,4
0.530,0.020,P025,S1,1,1
0.560,-0.020,P025,S1,1,2
0.525,0.010,P025,S1,1,3
0.490,-0.020,P025,S1,1,4
0.670,0.020,P025,S1,2,1
0.630,-0.020,P025,S1,2,2
0.650,0.020,P025,S1,2,3
0.680,-0.020,P025,S1,2,4
0.630,0.020,P025,S1,2,5
