Session,Group,Hooper_Mean,Hooper_SD,n
S1,AI组,21.82,3.97,11
S1,Self组,19.23,1.17,13
S2,AI组,23.00,3.03,11
S2,Self组,20.31,1.25,13
S3,AI组,22.41,4.28,11
S3,Self组,22.38,1.85,13
S4,AI组,22.64,2.77,11
S4,Self组,21.54,0.97,13
S5,AI组,22.27,4.22,11
S5,Self组,22.85,1.34,13
S6,AI组,22.00,2.86,11
S6,Self组,21.54,1.33,13
S7,AI组,21.73,4.00,11
S7,Self组,19.46,1.27,13
S8,AI组,19.64,4.01,11
S8,Self组,17.31,1.11,13

ID,Group,Δ1RM
P001,AI组,17.5
P004,AI组,15.0
P005,AI组,17.5
P006,AI组,17.5
P007,AI组,2.5
P009,AI组,5.0
P010,AI组,12.5
P011,AI组,5.0
P016,AI组,5.0
P018,AI组,7.5
P025,AI组,22.5
P003,Self组,7.5
P012,Self组,5.0
P013,Self组,10.0
P014,Self组,10.0
P015,Self组,17.5
P019,Self组,12.5
P020,Self组,7.5
P021,Self组,10.0
P023,Self组,7.5
P027,Self组,7.5
P029,Self组,5.0
P030,Self组,12.5
P034,Self组,5.0
