g_full,g_loo,id_loo,diff,结局
0.8523177843298066,0.788,P001,-0.064,ΔCMJ
0.8523177843298066,0.852,P003,-0,ΔCMJ
0.8523177843298066,0.788,P004,-0.064,ΔCMJ
0.8523177843298066,1.029,P005,0.177,ΔCMJ
0.8523177843298066,0.831,P006,-0.021,ΔCMJ
0.8523177843298066,0.834,P007,-0.019,ΔCMJ
0.8523177843298066,0.763,P009,-0.089,ΔCMJ
0.8523177843298066,0.934,P010,0.082,ΔCMJ
0.8523177843298066,0.804,P011,-0.048,ΔCMJ
0.8523177843298066,0.773,P012,-0.08,ΔCMJ
0.8523177843298066,1.093,P013,0.241,ΔCMJ
0.8523177843298066,0.788,P014,-0.064,ΔCMJ
0.8523177843298066,0.772,P015,-0.081,ΔCMJ
0.8523177843298066,1.217,P016,0.365,ΔCMJ
0.8523177843298066,0.72,P018,-0.133,ΔCMJ
0.8523177843298066,0.842,P019,-0.011,ΔCMJ
0.8523177843298066,0.852,P020,-0,ΔCMJ
0.8523177843298066,0.764,P021,-0.088,ΔCMJ
0.8523177843298066,0.845,P023,-0.007,ΔCMJ
0.8523177843298066,0.789,P025,-0.064,ΔCMJ
0.8523177843298066,0.845,P027,-0.007,ΔCMJ
0.8523177843298066,0.848,P029,-0.004,ΔCMJ
0.8523177843298066,0.867,P030,0.014,ΔCMJ
0.8523177843298066,0.863,P034,0.01,ΔCMJ
0.427283153887382,0.328,P001,-0.1,ΔSJ
0.427283153887382,0.414,P003,-0.013,ΔSJ
0.427283153887382,0.354,P004,-0.073,ΔSJ
0.427283153887382,0.48,P005,0.052,ΔSJ
0.427283153887382,0.366,P006,-0.061,ΔSJ
0.427283153887382,0.601,P007,0.173,ΔSJ
0.427283153887382,0.398,P009,-0.03,ΔSJ
0.427283153887382,0.539,P010,0.111,ΔSJ
0.427283153887382,0.378,P011,-0.049,ΔSJ
0.427283153887382,0.371,P012,-0.056,ΔSJ
0.427283153887382,0.553,P013,0.126,ΔSJ
0.427283153887382,0.538,P014,0.111,ΔSJ
0.427283153887382,0.274,P015,-0.153,ΔSJ
0.427283153887382,0.613,P016,0.185,ΔSJ
0.427283153887382,0.398,P018,-0.03,ΔSJ
0.427283153887382,0.41,P019,-0.017,ΔSJ
0.427283153887382,0.4,P020,-0.028,ΔSJ
0.427283153887382,0.486,P021,0.059,ΔSJ
0.427283153887382,0.41,P023,-0.017,ΔSJ
0.427283153887382,0.273,P025,-0.154,ΔSJ
0.427283153887382,0.403,P027,-0.024,ΔSJ
0.427283153887382,0.418,P029,-0.01,ΔSJ
0.427283153887382,0.422,P030,-0.006,ΔSJ
0.427283153887382,0.418,P034,-0.01,ΔSJ
0.46324393377809164,0.358,P001,-0.105,Δ绝对1RM
0.46324393377809164,0.43,P003,-0.033,Δ绝对1RM
0.46324393377809164,0.396,P004,-0.068,Δ绝对1RM
0.46324393377809164,0.358,P005,-0.105,Δ绝对1RM
0.46324393377809164,0.358,P006,-0.105,Δ绝对1RM
0.46324393377809164,0.663,P007,0.2,Δ绝对1RM
0.46324393377809164,0.592,P009,0.128,Δ绝对1RM
0.46324393377809164,0.436,P010,-0.027,Δ绝对1RM
0.46324393377809164,0.592,P011,0.128,Δ绝对1RM
0.46324393377809164,0.398,P012,-0.065,Δ绝对1RM
0.46324393377809164,0.466,P013,0.003,Δ绝对1RM
0.46324393377809164,0.466,P014,0.003,Δ绝对1RM
0.46324393377809164,0.616,P015,0.153,Δ绝对1RM
0.46324393377809164,0.592,P016,0.128,Δ绝对1RM
0.46324393377809164,0.532,P018,0.069,Δ绝对1RM
0.46324393377809164,0.508,P019,0.045,Δ绝对1RM
0.46324393377809164,0.43,P020,-0.033,Δ绝对1RM
0.46324393377809164,0.466,P021,0.003,Δ绝对1RM
0.46324393377809164,0.43,P023,-0.033,Δ绝对1RM
0.46324393377809164,0.291,P025,-0.172,Δ绝对1RM
0.46324393377809164,0.43,P027,-0.033,Δ绝对1RM
0.46324393377809164,0.398,P029,-0.065,Δ绝对1RM
0.46324393377809164,0.508,P030,0.045,Δ绝对1RM
0.46324393377809164,0.398,P034,-0.065,Δ绝对1RM
2.6899722572313673,2.646,P001,-0.044,Δ自我效能
2.6899722572313673,2.624,P003,-0.066,Δ自我效能
2.6899722572313673,2.646,P004,-0.044,Δ自我效能
2.6899722572313673,2.646,P005,-0.044,Δ自我效能
2.6899722572313673,2.59,P006,-0.1,Δ自我效能
2.6899722572313673,2.59,P007,-0.1,Δ自我效能
2.6899722572313673,3.689,P009,0.999,Δ自我效能
2.6899722572313673,2.598,P010,-0.092,Δ自我效能
2.6899722572313673,2.617,P011,-0.073,Δ自我效能
2.6899722572313673,2.6,P012,-0.09,Δ自我效能
2.6899722572313673,2.651,P013,-0.039,Δ自我效能
2.6899722572313673,2.604,P014,-0.086,Δ自我效能
2.6899722572313673,4.015,P015,1.325,Δ自我效能
2.6899722572313673,2.617,P016,-0.073,Δ自我效能
2.6899722572313673,2.59,P018,-0.1,Δ自我效能
2.6899722572313673,2.6,P019,-0.09,Δ自我效能
2.6899722572313673,2.606,P020,-0.084,Δ自我效能
2.6899722572313673,2.624,P021,-0.066,Δ自我效能
2.6899722572313673,2.606,P023,-0.084,Δ自我效能
2.6899722572313673,2.593,P025,-0.097,Δ自我效能
2.6899722572313673,2.606,P027,-0.084,Δ自我效能
2.6899722572313673,2.606,P029,-0.084,Δ自我效能
2.6899722572313673,2.606,P030,-0.084,Δ自我效能
2.6899722572313673,2.624,P034,-0.066,Δ自我效能
