trial_id,group,BW_kg,FT_s,JH_m,has_tail_segment,n_candidates,plate_share_Fz1,landing_peak_ratio,t_takeoff,t_landing,threshold_N,oop_ratio_jumpwin,oop_flag_jumpwin
4,unknown,81.5,0.573,0.403,False,2,0.513,4.57,0.361,0.934,40.0,0.1659,Moderate
5,0kg CMJ,83.2,0.581,0.414,False,2,0.504,9.77,0.278,0.859,40.8,0.0936,OK
6,unknown,79.9,0.581,0.414,False,2,0.508,9.78,0.301,0.882,39.2,0.1065,Moderate
7,unknown,80.5,0.647,0.513,False,2,0.524,4.98,0.172,0.819,39.5,0.2424,Significant
9,0kg CMJ (boundary),77.9,0.668,0.547,False,2,0.515,4.61,0.236,0.904,38.2,NA,NA
11,0kg CMJ,78.7,0.621,0.473,False,2,0.509,4.02,0.442,1.063,38.6,0.2101,Significant
12,unknown,81.5,0.626,0.481,False,2,0.508,4.34,0.427,1.053,40.0,0.1616,Moderate
13,unknown,79.0,0.628,0.484,False,3,0.516,8.19,0.410,1.038,38.8,0.1035,Moderate
15,0kg CMJ (longest FT),81.5,0.674,0.557,False,2,0.518,5.65,0.855,1.529,40.0,NA,NA
16,unknown,75.9,0.673,0.555,False,2,0.511,3.31,0.744,1.417,37.2,0.2169,Significant
17,unknown,79.1,0.672,0.554,False,2,0.510,3.35,0.935,1.607,38.8,0.1089,Moderate
18,20kg (shortest FT),100.4,0.515,0.325,False,1,0.523,2.12,0.853,1.368,49.3,NA,NA
19,unknown,100.6,0.515,0.325,False,1,0.496,3.23,0.757,1.272,49.3,0.3557,Significant
20,20kg,99.4,0.529,0.343,True,2,0.509,3.63,0.567,1.096,48.8,NA,NA
22,40kg,122.5,0.483,0.286,False,1,0.503,2.13,0.808,1.291,60.1,0.3890,Significant
23,unknown,118.6,0.473,0.274,False,1,0.505,3.36,0.745,1.218,58.2,0.3454,Significant
24,40kg,121.5,0.491,0.296,True,5,0.506,5.84,0.919,1.410,59.6,0.3889,Significant
