ID,Name_revised,Group,Stratum,Age,Height_cm,BW_kg,BMI,SMM_kg,SMMI,FFM_kg,FFMI,PBF_pct,Meas1RM,Rel1RM,Self1RM,ResistYears,Freq_wk,Attend_int,MissingSessions,AutoReduce,SelfAdj_revised,Hooper_revised,TotalLoad,SquatLoad,LoadPerSess,Sets,Reps,sRPE,Duration,AIVelHit,Pre1RM,Post1RM,d1RM,pct1RM,PreCMJ,PostCMJ,dCMJ,pctCMJ,PreSJ,PostSJ,dSJ,pctSJ,PreSMM,PostSMM,dSMM,pctSMM,SMM_zero_flag,PreSE,PostSE,dSE,pctSE
P001,赵天一,AI组,高力量层,23,176,74.5,24.05,35.8,11.56,63.92,20.64,14.2,135.0,1.8121,130,1-2年,2次/周,7,S3,0,,17.375,18520,14250,2645.714285714286,29,108,6.2,850,82.5,135.0,152.5,17.5,12.962962962962962,62.5,69.2,6.700000000000003,10.720000000000004,57.0,63.5,6.5,11.403508771929824,35.8,36.5,0.7000000000000028,1.9553072625698404,0,68,85,17,25.0
P003,张文杰,Self组,低力量层,22,172,69.0,23.32,32.5,10.99,58.58,19.8,15.1,115.0,1.6667,110,1-2年,2次/周,8,,0,4.0,20.625,15200,11800,1900.0,28,102,6.8,750,,115.0,122.5,7.5,6.521739130434782,56.0,59.8,3.799999999999997,6.785714285714281,51.2,54.5,3.299999999999997,6.445312499999995,32.5,32.8,0.2999999999999971,0.9230769230769144,0,60,68,8,13.333333333333334
P004,"李浩然①(180cm,AI)",AI组,低力量层,25,180,79.2,24.44,36.5,11.27,65.74,20.29,17.0,130.0,1.6414,125,2-3年,3次/周,8,,0,,19.875,17800,13900,2225.0,29,106,6.1,840,85.0,130.0,145.0,15.0,11.538461538461538,58.5,65.2,6.700000000000003,11.452991452991458,53.0,58.8,5.799999999999997,10.94339622641509,36.5,37.1,0.6000000000000014,1.64383561643836,0,65,82,17,26.15384615384616
P005,曾庆华,AI组,高力量层,23,175,77.2,25.21,37.1,12.11,64.77,21.15,16.1,155.0,2.0078,160,1-2年,2次/周,7,S1,0,,16.875,22100,17450,3157.1428571428573,27,91,6.0,835,81.2,155.0,172.5,17.5,11.29032258064516,60.6,62.27,1.6700000000000017,2.7557755775577584,57.37,60.37,3.0,5.229213874847481,37.1,37.1,0.0,0.0,1,75,92,17,22.666666666666664
P006,陈镕垚,AI组,高力量层,24,181,81.4,24.85,40.0,12.21,70.17,21.42,13.8,145.0,1.7813,150,1-2年,3次/周,8,,0,,17.5,20450,15820,2556.25,31,105,6.3,865,86.4,145.0,162.5,17.5,12.06896551724138,62.17,67.57,5.399999999999992,8.685861347916987,56.77,62.27,5.5,9.688215606834596,40.0,40.7,0.7000000000000028,1.750000000000007,0,70,90,20,28.57142857142857
P007,陈鑫,AI组,高力量层,20,173,59.4,19.85,29.5,9.86,51.8,17.31,12.8,110.0,1.8519,110,1-2年,≤1次/周,8,,0,,21.875,14800,11200,1850.0,28,102,7.2,805,76.5,110.0,112.5,2.5,2.272727272727273,66.33,71.67,5.340000000000003,8.050655811849847,62.6,63.63,1.0300000000000011,1.6453674121405768,29.5,29.9,0.3999999999999986,1.3559322033898256,0,58,78,20,34.48275862068966
P009,王宏池,AI组,低力量层,24,185,85.7,25.04,40.6,11.86,70.96,20.73,17.2,130.0,1.5169,110,1-2年,3次/周,8,,1,,22.75,16500,12850,2062.5,26,92,7.0,805,69.0,130.0,135.0,5.0,3.8461538461538463,55.5,63.13,7.630000000000003,13.747747747747752,54.93,59.67,4.740000000000002,8.62916439104315,40.6,40.7,0.1000000000000014,0.2463054187192153,0,62,70,8,12.903225806451612
P010,张锦荣,AI组,低力量层,29,174,73.0,24.11,33.1,10.93,58.47,19.31,19.9,120.0,1.6438,80,1-2年,≤1次/周,7,S6,1,,25.125,15600,11980,2228.5714285714284,27,95,7.1,805,71.5,120.0,132.5,12.5,10.416666666666668,53.07,56.23,3.1599999999999966,5.954399849255694,49.67,51.63,1.9600000000000009,3.946043889671836,33.1,32.8,-0.3000000000000042,-0.9063444108761458,0,60,79,19,31.666666666666664
P011,朱怀远,AI组,高力量层,27,175,67.2,21.94,33.2,10.84,57.99,18.94,13.7,125.0,1.8601,200,1-2年,3次/周,8,,0,,20.5,16900,13100,2112.5,29,104,6.1,830,88.0,125.0,130.0,5.0,4.0,68.4,74.57,6.169999999999988,9.020467836257293,62.53,67.73,5.200000000000003,8.31600831600832,33.2,33.1,-0.1000000000000014,-0.3012048192771127,0,68,86,18,26.47058823529412
P012,张陈生,Self组,高力量层,23,180,81.2,25.06,39.4,12.16,68.78,21.23,15.3,150.0,1.8473,100,3年以上,2次/周,8,,0,1.0,19.75,21200,16500,2650.0,30,110,6.2,830,,150.0,155.0,5.0,3.333333333333333,65.37,66.07,0.6999999999999886,1.0708275967569048,60.87,62.93,2.0600000000000023,3.3842615409889967,39.4,39.2,-0.1999999999999957,-0.5076142131979587,0,74,80,6,8.108108108108109
P013,刘世灏,Self组,低力量层,28,186,75.6,21.85,37.2,10.75,65.24,18.86,13.7,120.0,1.5873,115,1-2年,2次/周,8,,0,6.0,20.125,16100,12650,2012.5,29,108,6.5,800,,120.0,130.0,10.0,8.333333333333332,58.57,66.67,8.100000000000001,13.82960560013659,54.03,60.33,6.299999999999997,11.660188784008875,37.2,37.2,0.0,0.0,1,62,71,9,14.516129032258066
P014,陶俊杰,Self组,高力量层,23,174,68.8,22.72,35.3,11.66,61.16,20.2,11.1,170.0,2.4709,170,3年以上,≥4次/周,8,,0,1.0,16.625,23800,18600,2975.0,31,112,6.1,840,,170.0,180.0,10.0,5.88235294117647,77.47,79.0,1.5300000000000011,1.9749580482767537,65.6,71.65,6.050000000000011,9.222560975609774,35.3,36.2,0.9000000000000057,2.549575070821546,0,80,85,5,6.25
P015,黄天祺,Self组,高力量层,23,175,74.4,24.29,34.6,11.3,60.71,19.82,18.4,130.0,1.7473,125,3年以上,≥4次/周,8,,0,2.0,19.625,17200,13500,2150.0,29,104,6.4,820,,130.0,147.5,17.5,13.461538461538462,55.43,56.07,0.6400000000000006,1.1546094172830608,54.1,52.6,-1.5,-2.7726432532347505,34.6,35.8,1.1999999999999955,3.468208092485537,0,66,85,19,28.78787878787879
P016,杜遥,AI组,低力量层,28,198,99.4,25.35,47.4,12.09,83.5,21.3,16.0,130.0,1.3078,110,1-2年,≤1次/周,8,,2,,20.5,16800,12950,2100.0,26,94,6.5,780,78.2,130.0,135.0,5.0,3.8461538461538463,52.37,52.03,-0.3399999999999963,-0.649226656482712,47.33,48.2,0.8700000000000045,1.838157616733583,47.4,47.4,0.0,0.0,1,66,84,18,27.27272727272727
P018,孟维宇,AI组,低力量层,26,182,75.5,22.79,35.5,10.72,62.89,18.99,16.7,122.5,1.6225,110,1-2年,≤1次/周,8,,0,,20.375,15800,12100,1975.0,28,98,6.9,795,74.2,122.5,130.0,7.5,6.122448979591836,55.37,65.67,10.300000000000004,18.602131117933908,52.13,56.87,4.739999999999995,9.092652982927287,35.5,35.3,-0.2000000000000028,-0.5633802816901489,0,60,80,20,33.33333333333333
P019,吴海峰,Self组,高力量层,24,181,82.0,25.03,38.5,11.75,69.54,21.23,15.2,150.0,1.8293,145,3年以上,3次/周,8,,0,2.0,19.25,20200,15900,2525.0,30,108,6.3,830,,150.0,162.5,12.5,8.333333333333332,63.5,67.0,3.5,5.511811023622047,58.0,61.2,3.200000000000003,5.51724137931035,38.5,38.9,0.3999999999999986,1.0389610389610353,0,72,78,6,8.333333333333332
P020,郑小龙,Self组,低力量层,22,170,67.5,23.36,32.0,11.07,57.51,19.9,14.8,115.0,1.7037,110,1-2年,2次/周,8,,0,4.0,20.375,14900,11500,1862.5,28,100,6.7,750,,115.0,122.5,7.5,6.521739130434782,57.2,61.0,3.799999999999997,6.643356643356638,52.1,55.0,2.8999999999999986,5.566218809980803,32.0,32.3,0.2999999999999971,0.9374999999999912,0,58,65,7,12.06896551724138
P021,"李浩然②(172cm,Self)",Self组,低力量层,25,172,76.3,25.79,34.7,11.73,61.12,20.66,19.9,120.0,1.5727,110,1-2年,2次/周,8,,0,3.0,19.5,16400,12800,2050.0,29,106,6.3,810,,120.0,130.0,10.0,8.333333333333332,57.17,57.27,0.1000000000000014,0.1749169144656313,49.27,54.3,5.029999999999994,10.209052161558745,34.7,36.4,1.6999999999999955,4.899135446685866,0,62,70,8,12.903225806451612
P023,邓嘉伟,Self组,低力量层,23,174,71.5,23.62,33.0,10.9,60.42,19.96,15.5,120.0,1.6783,115,2-3年,2次/周,8,,0,3.0,20.375,15400,12000,1925.0,28,102,6.6,760,,120.0,127.5,7.5,6.25,55.0,58.6,3.6000000000000014,6.545454545454548,50.0,53.2,3.200000000000003,6.400000000000006,33.0,33.2,0.2000000000000028,0.6060606060606146,0,61,68,7,11.475409836065571
P025,范芳忠,AI组,低力量层,25,178,80.4,25.38,40.1,12.66,69.95,22.08,13.0,135.0,1.6791,165,2-3年,2次/周,8,,0,,21.5625,18900,14600,2362.5,30,108,5.8,840,89.5,135.0,157.5,22.5,16.666666666666664,61.5,68.17,6.670000000000002,10.845528455284557,59.13,67.13,7.999999999999993,13.529511246406212,40.1,42.2,2.1000000000000014,5.2369077306733205,0,68,89,21,30.88235294117647
P027,曹光耀,Self组,低力量层,23,172,70.0,23.66,32.8,11.09,58.94,19.92,15.8,110.0,1.5714,105,1-2年,2次/周,8,,0,5.0,21.125,14100,10800,1762.5,27,98,6.9,740,,110.0,117.5,7.5,6.8181818181818175,54.2,57.8,3.5999999999999943,6.642066420664196,49.0,52.0,3.0,6.122448979591836,32.8,33.0,0.2000000000000028,0.6097560975609843,0,56,63,7,12.5
P029,潘承志,Self组,高力量层,24,175,73.5,24.0,34.2,11.17,62.55,20.42,14.9,127.5,1.7347,120,2-3年,2次/周,8,,0,2.0,20.125,16600,13000,2075.0,29,105,6.2,815,,127.5,132.5,5.0,3.92156862745098,61.8,65.5,3.700000000000003,5.987055016181235,55.2,58.6,3.3999999999999986,6.15942028985507,34.2,34.5,0.2999999999999971,0.877192982456132,0,65,72,7,10.76923076923077
P030,袁国强,Self组,高力量层,25,177,76.2,24.32,35.5,11.33,63.78,20.36,16.3,132.5,1.7388,130,2-3年,3次/周,8,,0,1.0,19.75,17500,13800,2187.5,30,108,6.3,820,,132.5,145.0,12.5,9.433962264150944,62.0,66.2,4.200000000000003,6.774193548387101,56.0,59.5,3.5,6.25,35.5,36.0,0.5,1.4084507042253522,0,68,75,7,10.294117647058822
P034,董家豪,Self组,高力量层,25,180,79.5,24.54,37.2,11.48,66.86,20.64,15.9,140.0,1.761,135,3年以上,3次/周,8,,0,2.0,19.75,18400,14500,2300.0,30,108,6.1,820,,140.0,145.0,5.0,3.571428571428571,63.0,67.1,4.099999999999994,6.507936507936499,57.1,60.5,3.3999999999999986,5.954465849387038,37.2,37.6,0.3999999999999986,1.0752688172042972,0,70,78,8,11.428571428571429
