ID,Sess,Week,Sleep,Stress,Fatigue,Soreness,CMJ1,CMJ2,CMJ3,Trigger,WarmLoad,GA,App,CMJb,HooperTot,Group,Sleep_reversed,Hooper_final
P001,S1,W1_A,7,4.0,4,3,62.1,63.0,62.4,0,94.5,0.82,0.84,63.0,18.0,AI组,4,15.0
P001,S2,W1_B,6,5.0,5,4,62.5,63.1,62.8,0,94.5,0.79,0.81,63.1,20.0,AI组,5,19.0
P001,S3,W2_A,6,4.0,5,4,62.8,63.5,63.0,0,94.5,0.83,0.85,63.5,19.0,AI组,5,18.0
P001,S4,W2_B,5,6.0,5,5,63.2,63.8,63.5,0,94.5,0.81,0.82,63.8,21.0,AI组,6,22.0
P001,S5,W3_A,5,6.0,6,5,63.8,64.2,64.0,0,94.5,0.84,0.86,64.2,22.0,AI组,6,23.0
P001,S6,W3_B,6,5.0,5,5,64.0,64.5,64.1,0,94.5,0.81,0.83,64.5,21.0,AI组,5,20.0
P001,S7,W4_A,8,3.0,3,3,66.5,67.1,66.8,0,94.5,0.81,0.82,67.1,17.0,AI组,3,12.0
P001,S8,W4_B,8,2.0,2,3,68.9,69.5,69.2,0,94.5,0.83,0.85,69.5,15.0,AI组,3,10.0
P003,S1,W1_A,6,5.0,5,5,,,,0,80.5,,,,21.0,Self组,5,20.0
P003,S2,W1_B,6,5.0,6,5,,,,0,80.5,,,,22.0,Self组,5,21.0
P003,S3,W2_A,7,5.0,6,5,,,,0,80.5,,,,23.0,Self组,4,20.0
P003,S4,W2_B,6,5.0,6,5,,,,0,80.5,,,,22.0,Self组,5,21.0
P003,S5,W3_A,7,6.0,6,5,,,,0,80.5,,,,24.0,Self组,4,21.0
P003,S6,W3_B,6,5.0,6,6,,,,0,80.5,,,,23.0,Self组,5,22.0
P003,S7,W4_A,6,5.0,5,5,,,,0,80.5,,,,21.0,Self组,5,20.0
P003,S8,W4_B,5,5.0,5,4,,,,0,80.5,,,,19.0,Self组,6,20.0
P004,S1,W1_A,6,4.0,5,4,58.0,58.8,58.7,0,91.0,0.82,0.84,58.8,19.0,AI组,5,18.0
P004,S2,W1_B,6,5.0,5,5,58.2,59.0,59.2,0,91.0,0.83,0.85,59.2,21.0,AI组,5,20.0
P004,S3,W2_A,5,5.0,5,5,58.6,59.4,59.6,0,91.0,0.81,0.83,59.6,20.0,AI组,6,21.0
P004,S4,W2_B,6,6.0,5,5,58.4,59.1,59.5,0,91.0,0.82,0.84,59.5,22.0,AI组,5,21.0
P004,S5,W3_A,6,5.0,5,5,59.5,60.3,60.5,0,91.0,0.84,0.86,60.5,21.0,AI组,5,20.0
P004,S6,W3_B,5,5.0,5,5,60.6,61.4,61.6,0,91.0,0.85,0.87,61.6,20.0,AI组,6,21.0
P004,S7,W4_A,5,4.0,5,4,62.8,63.6,64.1,0,91.0,0.86,0.88,64.1,18.0,AI组,6,19.0
P004,S8,W4_B,4,4.0,4,4,64.5,65.3,65.8,0,91.0,0.88,0.9,65.8,16.0,AI组,7,19.0
P005,S1,W1_A,6,3.0,5,3,58.2,63.7,64.8,0,93.8,0.98,1.01,64.8,17.0,AI组,5,16.0
P005,S2,W1_B,7,3.0,4,5,64.1,63.2,63.2,0,77.7,1.07,1.1,64.1,19.0,AI组,4,16.0
P005,S3,W2_A,7,3.0,4,4,59.0,59.4,59.4,0,98.0,0.75,0.77,59.4,18.0,AI组,4,15.0
P005,S4,W2_B,6,4.0,6,4,62.0,60.8,59.0,0,81.9,1.06,1.09,62.0,20.0,AI组,5,19.0
P005,S5,W3_A,6,6.0,4,3,60.8,60.6,64.1,0,104.3,0.84,0.86,64.1,19.0,AI组,5,18.0
P005,S6,W3_B,7,6.0,5,5,58.7,59.0,59.6,0,86.1,1.01,1.04,59.6,23.0,AI组,4,20.0
P005,S7,W4_A,8,4.0,6,6,58.5,59.7,59.6,0,98.0,0.87,0.89,59.7,24.0,AI组,3,19.0
P005,S8,W4_B,7,3.0,3,2,63.0,64.0,63.5,0,81.9,1.12,1.15,64.0,15.0,AI组,4,12.0
P006,S1,W1_A,8,3.0,3,4,63.4,61.3,63.0,0,88.2,0.9,0.92,63.4,18.0,AI组,3,13.0
P006,S2,W1_B,7,7.0,6,3,61.3,62.5,61.3,0,48.0,1.28,1.31,62.5,23.0,AI组,4,20.0
P006,S3,W2_A,5,7.0,6,4,63.7,62.7,63.9,0,93.1,0.8,0.82,63.9,22.0,AI组,6,23.0
P006,S4,W2_B,5,8.0,5,4,62.7,62.5,62.7,0,52.0,1.22,1.25,62.7,22.0,AI组,6,23.0
P006,S5,W3_A,8,6.0,3,3,64.6,61.6,65.1,0,100.8,0.86,0.88,65.1,20.0,AI组,3,15.0
P006,S6,W3_B,8,5.0,5,3,66.6,63.2,64.8,0,55.5,1.06,1.08,66.6,21.0,AI组,3,16.0
P006,S7,W4_A,8,5.0,5,2,63.2,67.2,68.8,0,93.1,0.88,0.9,68.8,20.0,AI组,3,15.0
P006,S8,W4_B,7,4.0,4,3,70.1,68.8,68.8,0,52.0,1.14,1.17,70.1,18.0,AI组,4,15.0
P007,S1,W1_A,6,8.0,7,5,64.1,66.9,66.8,0,58.8,0.92,0.94,66.9,26.0,AI组,5,25.0
P007,S2,W1_B,8,7.0,6,6,68.2,69.1,69.3,0,34.0,0.97,1.0,69.3,27.0,AI组,3,22.0
P007,S3,W2_A,7,7.0,6,4,68.2,68.2,68.2,0,61.6,0.98,1.0,68.2,24.0,AI组,4,21.0
P007,S4,W2_B,7,6.0,6,5,67.7,69.2,69.7,0,36.0,1.01,1.03,69.7,24.0,AI组,4,21.0
P007,S5,W3_A,6,7.0,5,5,73.8,73.4,73.6,0,65.8,0.86,0.88,73.8,23.0,AI组,5,22.0
P007,S6,W3_B,6,7.0,7,5,73.8,70.8,69.1,0,36.0,1.06,1.08,73.8,25.0,AI组,5,24.0
P007,S7,W4_A,6,8.0,5,5,73.2,69.2,70.2,0,61.6,0.86,0.87,73.2,24.0,AI组,5,23.0
P007,S8,W4_B,7,5.0,5,3,71.2,72.0,71.8,0,36.0,1.1,1.12,72.0,20.0,AI组,4,17.0
P009,S1,W1_A,9,5.0,7,3,54.7,55.4,52.3,1,79.8,0.92,0.94,55.4,24.0,AI组,2,17.0
P009,S2,W1_B,8,6.0,6,5,55.0,55.8,54.8,0,45.0,1.02,1.05,55.8,25.0,AI组,3,20.0
P009,S3,W2_A,7,5.0,7,8,55.9,52.8,56.0,0,84.0,0.73,0.75,56.0,27.0,AI组,4,24.0
P009,S4,W2_B,7,6.0,8,6,60.9,59.0,62.8,0,48.0,0.94,0.96,62.8,27.0,AI组,4,24.0
P009,S5,W3_A,4,7.0,6,8,58.5,61.6,60.9,0,89.6,0.72,0.74,61.6,25.0,AI组,7,28.0
P009,S6,W3_B,7,6.0,6,4,61.4,62.3,62.7,0,51.0,0.96,0.98,62.7,23.0,AI组,4,20.0
P009,S7,W4_A,7,6.0,7,8,61.3,63.5,62.1,0,84.0,0.87,0.89,63.5,28.0,AI组,4,25.0
P009,S8,W4_B,7,7.0,6,7,62.5,61.1,60.4,0,48.0,0.96,0.99,62.5,27.0,AI组,4,24.0
P010,S1,W1_A,5,9.0,8,6,46.5,49.9,52.8,1,77.0,0.85,0.87,52.8,28.0,AI组,6,29.0
P010,S2,W1_B,6,7.0,7,6,51.0,51.8,50.8,0,38.5,0.92,0.94,51.8,26.0,AI组,5,25.0
P010,S3,W2_A,8,7.0,7,8,53.9,53.6,54.4,0,82.6,0.7,0.72,54.4,30.0,AI组,3,25.0
P010,S4,W2_B,7,7.0,6,8,55.7,55.2,54.2,0,42.5,0.9,0.92,55.7,28.0,AI组,4,25.0
P010,S5,W3_A,8,7.0,6,6,57.0,55.5,53.1,0,91.7,0.55,0.57,57.0,27.0,AI组,3,22.0
P010,S6,W3_B,6,8.0,7,5,53.4,52.4,52.9,0,46.5,0.78,0.8,53.4,26.0,AI组,5,25.0
P010,S7,W4_A,6,7.0,7,7,57.2,56.8,53.4,0,82.6,0.65,0.67,57.2,27.0,AI组,5,26.0
P010,S8,W4_B,6,7.0,7,5,59.4,57.0,58.5,0,42.5,0.84,0.86,59.4,25.0,AI组,5,24.0
P011,S1,W1_A,3,7.0,7,2,66.9,67.3,65.9,0,74.9,0.84,0.86,67.3,19.0,AI组,8,24.0
P011,S2,W1_B,5,6.0,6,4,67.2,68.0,67.3,0,37.5,0.98,1.01,68.0,21.0,AI组,6,22.0
P011,S3,W2_A,5,2.0,6,2,70.1,71.6,74.6,0,81.2,0.77,0.79,74.6,15.0,AI组,6,16.0
P011,S4,W2_B,5,5.0,6,3,70.2,71.9,71.6,0,41.5,0.88,0.9,71.9,19.0,AI组,6,20.0
P011,S5,W3_A,7,2.0,3,2,67.3,67.5,68.6,0,89.6,0.73,0.75,68.6,14.0,AI组,4,11.0
P011,S6,W3_B,4,5.0,5,4,70.1,70.8,70.6,0,43.5,0.95,0.97,70.8,18.0,AI组,7,21.0
P011,S7,W4_A,3,6.0,6,2,71.4,69.3,69.1,0,81.2,0.77,0.79,71.4,17.0,AI组,8,22.0
P011,S8,W4_B,3,5.0,7,8,73.8,71.4,74.2,0,41.5,0.94,0.96,74.2,23.0,AI组,8,28.0
P012,S1,W1_A,5,4.0,5,4,,,,0,85.0,,,,18.0,Self组,6,19.0
P012,S2,W1_B,5,4.0,6,4,,,,0,75.0,,,,19.0,Self组,6,20.0
P012,S3,W2_A,6,4.0,5,5,,,,0,90.0,,,,20.0,Self组,5,19.0
P012,S4,W2_B,6,5.0,6,4,,,,0,80.0,,,,21.0,Self组,5,20.0
P012,S5,W3_A,6,6.0,5,5,,,,0,95.0,,,,22.0,Self组,5,21.0
P012,S6,W3_B,5,5.0,6,4,,,,0,85.0,,,,20.0,Self组,6,21.0
P012,S7,W4_A,5,4.0,5,4,,,,0,90.0,,,,18.0,Self组,6,19.0
P012,S8,W4_B,4,4.0,4,4,,,,0,80.0,,,,16.0,Self组,7,19.0
P013,S1,W1_A,6,5.0,5,4,,,,0,75.0,,,,20.0,Self组,5,19.0
P013,S2,W1_B,6,5.0,6,4,,,,0,60.0,,,,21.0,Self组,5,20.0
P013,S3,W2_A,7,6.0,6,4,,,,0,80.0,,,,23.0,Self组,4,20.0
P013,S4,W2_B,6,6.0,6,4,,,,0,70.0,,,,22.0,Self组,5,21.0
P013,S5,W3_A,6,6.0,6,4,,,,0,85.0,,,,22.0,Self组,5,21.0
P013,S6,W3_B,6,5.0,6,4,,,,0,75.0,,,,21.0,Self组,5,20.0
P013,S7,W4_A,5,5.0,5,4,,,,0,80.0,,,,19.0,Self组,6,20.0
P013,S8,W4_B,4,4.0,5,4,,,,0,70.0,,,,17.0,Self组,7,20.0
P014,S1,W1_A,8,3.0,3,4,,,,0,88.2,,,,18.0,Self组,3,13.0
P014,S2,W1_B,7,4.0,5,3,,,,0,75.0,,,,19.0,Self组,4,16.0
P014,S3,W2_A,5,7.0,6,4,,,,0,93.1,,,,22.0,Self组,6,23.0
P014,S4,W2_B,5,8.0,5,4,,,,0,80.5,,,,22.0,Self组,6,23.0
P014,S5,W3_A,8,6.0,3,3,,,,0,100.8,,,,20.0,Self组,3,15.0
P014,S6,W3_B,8,5.0,5,3,,,,0,85.8,,,,21.0,Self组,3,16.0
P014,S7,W4_A,8,5.0,4,2,,,,0,93.1,,,,19.0,Self组,3,14.0
P014,S8,W4_B,7,4.0,3,2,,,,0,80.5,,,,16.0,Self组,4,13.0
P015,S1,W1_A,6,5.0,5,4,,,,0,65.0,,,,20.0,Self组,5,19.0
P015,S2,W1_B,7,6.0,5,4,,,,0,47.5,,,,22.0,Self组,4,19.0
P015,S3,W2_A,8,7.0,7,5,,,,0,59.5,,,,27.0,Self组,3,22.0
P015,S4,W2_B,7,6.0,5,5,,,,0,50.0,,,,23.0,Self组,4,20.0
P015,S5,W3_A,7,6.0,6,5,,,,0,63.0,,,,24.0,Self组,4,21.0
P015,S6,W3_B,6,5.0,5,5,,,,0,52.0,,,,21.0,Self组,5,20.0
P015,S7,W4_A,7,5.0,6,4,,,,0,59.5,,,,22.0,Self组,4,19.0
P015,S8,W4_B,6,4.0,4,4,,,,0,50.0,,,,18.0,Self组,5,17.0
P016,S1,W1_A,6,6.0,5,4,52.0,52.8,52.3,0,67.5,0.85,0.87,52.8,21.0,AI组,5,20.0
P016,S2,W1_B,6,6.0,6,4,52.4,53.2,52.8,0,43.5,1.01,1.03,53.2,22.0,AI组,5,21.0
P016,S3,W2_A,7,6.0,6,4,52.8,53.5,53.0,0,58.0,0.82,0.84,53.5,23.0,AI组,4,20.0
P016,S4,W2_B,7,6.0,7,3,48.0,48.8,48.1,1,46.5,1.02,1.04,48.8,23.0,AI组,4,20.0
P016,S5,W3_A,6,6.0,6,3,52.5,53.2,53.0,0,62.5,0.79,0.81,53.2,21.0,AI组,5,20.0
P016,S6,W3_B,7,6.0,7,6,49.2,50.2,49.8,1,49.5,1.0,1.02,50.2,26.0,AI组,4,23.0
P016,S7,W4_A,8,6.0,6,5,52.0,52.8,52.4,0,58.0,0.82,0.84,52.8,25.0,AI组,3,20.0
P016,S8,W4_B,6,6.0,5,4,52.6,53.4,53.1,0,46.5,0.91,0.93,53.4,21.0,AI组,5,20.0
P018,S1,W1_A,8,7.0,5,3,54.5,56.5,57.4,0,53.0,0.62,0.64,57.4,23.0,AI组,3,18.0
P018,S2,W1_B,7,6.0,5,3,59.0,60.9,62.0,0,43.5,0.93,0.95,62.0,21.0,AI组,4,18.0
P018,S3,W2_A,5,7.0,6,5,57.8,58.8,61.6,0,59.0,0.65,0.67,61.6,23.0,AI组,6,24.0
P018,S4,W2_B,6,7.0,5,3,60.2,61.2,62.2,0,45.5,0.91,0.93,62.2,21.0,AI组,5,20.0
P018,S5,W3_A,5,7.0,6,5,57.8,58.8,61.6,0,59.0,0.65,0.67,61.6,23.0,AI组,6,24.0
P018,S6,W3_B,6,6.0,5,4,61.0,62.0,63.0,0,48.0,0.95,0.97,63.0,21.0,AI组,5,20.0
P018,S7,W4_A,5,6.0,5,3,63.2,64.2,65.2,0,55.0,0.72,0.74,65.2,19.0,AI组,6,20.0
P018,S8,W4_B,5,5.0,5,3,64.8,65.8,66.4,0,45.5,1.01,1.03,66.4,18.0,AI组,6,19.0
P019,S1,W1_A,6,4.0,5,4,,,,0,100.0,,,,19.0,Self组,5,18.0
P019,S2,W1_B,6,5.0,5,4,,,,0,87.5,,,,20.0,Self组,5,19.0
P019,S3,W2_A,7,5.0,5,5,,,,0,107.5,,,,22.0,Self组,4,19.0
P019,S4,W2_B,6,5.0,5,5,,,,0,95.0,,,,21.0,Self组,5,20.0
P019,S5,W3_A,7,6.0,5,5,,,,0,112.5,,,,23.0,Self组,4,20.0
P019,S6,W3_B,6,5.0,5,5,,,,0,100.0,,,,21.0,Self组,5,20.0
P019,S7,W4_A,5,5.0,5,4,,,,0,107.5,,,,19.0,Self组,6,20.0
P019,S8,W4_B,5,4.0,4,4,,,,0,95.0,,,,17.0,Self组,6,18.0
P020,S1,W1_A,6,5.0,5,4,,,,0,77.5,,,,20.0,Self组,5,19.0
P020,S2,W1_B,6,5.0,5,5,,,,0,67.5,,,,21.0,Self组,5,20.0
P020,S3,W2_A,7,6.0,5,5,,,,0,82.5,,,,23.0,Self组,4,20.0
P020,S4,W2_B,6,6.0,5,5,,,,0,72.5,,,,22.0,Self组,5,21.0
P020,S5,W3_A,7,6.0,6,5,,,,0,87.5,,,,24.0,Self组,4,21.0
P020,S6,W3_B,6,6.0,6,5,,,,0,77.5,,,,23.0,Self组,5,22.0
P020,S7,W4_A,5,5.0,5,5,,,,0,82.5,,,,20.0,Self组,6,21.0
P020,S8,W4_B,5,4.0,5,4,,,,0,72.5,,,,18.0,Self组,6,19.0
P021,S1,W1_A,6,5.0,5,3,,,,0,80.0,,,,19.0,Self组,5,18.0
P021,S2,W1_B,6,5.0,5,4,,,,0,70.0,,,,20.0,Self组,5,19.0
P021,S3,W2_A,7,6.0,5,4,,,,0,85.0,,,,22.0,Self组,4,19.0
P021,S4,W2_B,6,6.0,5,4,,,,0,75.0,,,,21.0,Self组,5,20.0
P021,S5,W3_A,7,6.0,6,4,,,,0,90.0,,,,23.0,Self组,4,20.0
P021,S6,W3_B,6,6.0,6,4,,,,0,80.0,,,,22.0,Self组,5,21.0
P021,S7,W4_A,5,5.0,5,4,,,,0,85.0,,,,19.0,Self组,6,20.0
P021,S8,W4_B,5,4.0,5,4,,,,0,75.0,,,,18.0,Self组,6,19.0
P023,S1,W1_A,6,5.0,5,4,,,,0,80.0,,,,20.0,Self组,5,19.0
P023,S2,W1_B,6,5.0,5,5,,,,0,70.0,,,,21.0,Self组,5,20.0
P023,S3,W2_A,7,6.0,5,5,,,,0,85.0,,,,23.0,Self组,4,20.0
P023,S4,W2_B,6,6.0,5,5,,,,0,75.0,,,,22.0,Self组,5,21.0
P023,S5,W3_A,7,6.0,6,5,,,,0,90.0,,,,24.0,Self组,4,21.0
P023,S6,W3_B,6,6.0,6,5,,,,0,80.0,,,,23.0,Self组,5,22.0
P023,S7,W4_A,5,5.0,5,5,,,,0,85.0,,,,20.0,Self组,6,21.0
P023,S8,W4_B,5,4.0,5,4,,,,0,75.0,,,,18.0,Self组,6,19.0
P025,S1,W1_A,7,8.0,8,4,66.6,67.5,67.5,0,77.7,0.93,0.95,67.5,27.0,AI组,4,24.0
P025,S2,W1_B,6,8.0,7,7,63.2,64.1,65.5,0,46.0,1.04,1.07,65.5,28.0,AI组,5,27.0
P025,S3,W2_A,7,6.5,7,5,66.4,68.6,67.1,0,81.2,0.98,1.0,68.6,25.5,AI组,4,22.5
P025,S4,W2_B,6,6.0,7,3,65.7,68.0,68.4,0,48.5,1.11,1.13,68.4,22.0,AI组,5,21.0
P025,S5,W3_A,6,8.0,9,7,60.4,63.7,64.3,0,86.1,0.89,0.91,64.3,30.0,AI组,5,29.0
P025,S6,W3_B,5,6.0,4,3,67.2,68.4,67.1,0,51.0,1.01,1.03,68.4,18.0,AI组,6,19.0
P025,S7,W4_A,8,8.0,3,1,57.7,59.9,58.9,0,81.2,0.91,0.93,59.9,20.0,AI组,3,15.0
P025,S8,W4_B,7,6.0,4,1,65.0,67.7,63.2,0,48.5,1.11,1.14,67.7,18.0,AI组,4,15.0
P027,S1,W1_A,6,5.0,5,5,,,,0,73.5,,,,21.0,Self组,5,20.0
P027,S2,W1_B,6,5.0,6,5,,,,0,65.0,,,,22.0,Self组,5,21.0
P027,S3,W2_A,7,6.0,6,5,,,,0,78.0,,,,24.0,Self组,4,21.0
P027,S4,W2_B,6,6.0,6,5,,,,0,68.5,,,,23.0,Self组,5,22.0
P027,S5,W3_A,7,6.0,7,5,,,,0,82.5,,,,25.0,Self组,4,22.0
P027,S6,W3_B,6,6.0,6,6,,,,0,73.5,,,,24.0,Self组,5,23.0
P027,S7,W4_A,6,5.0,5,5,,,,0,78.0,,,,21.0,Self组,5,20.0
P027,S8,W4_B,5,5.0,5,4,,,,0,68.5,,,,19.0,Self组,6,20.0
P029,S1,W1_A,5,4.0,5,4,,,,0,85.0,,,,18.0,Self组,6,19.0
P029,S2,W1_B,5,4.0,6,4,,,,0,75.0,,,,19.0,Self组,6,20.0
P029,S3,W2_A,6,4.0,5,6,,,,0,90.0,,,,21.0,Self组,5,20.0
P029,S4,W2_B,6,5.0,5,4,,,,0,80.0,,,,20.0,Self组,5,19.0
P029,S5,W3_A,6,6.0,5,5,,,,0,95.0,,,,22.0,Self组,5,21.0
P029,S6,W3_B,5,5.0,6,5,,,,0,85.0,,,,21.0,Self组,6,22.0
P029,S7,W4_A,5,4.0,6,4,,,,0,90.0,,,,19.0,Self组,6,20.0
P029,S8,W4_B,4,4.0,5,4,,,,0,80.0,,,,17.0,Self组,7,20.0
P030,S1,W1_A,5,4.0,5,4,,,,0,88.0,,,,18.0,Self组,6,19.0
P030,S2,W1_B,5,4.0,6,4,,,,0,77.0,,,,19.0,Self组,6,20.0
P030,S3,W2_A,6,4.0,5,6,,,,0,93.5,,,,21.0,Self组,5,20.0
P030,S4,W2_B,6,5.0,5,4,,,,0,83.0,,,,20.0,Self组,5,19.0
P030,S5,W3_A,6,6.0,5,5,,,,0,99.0,,,,22.0,Self组,5,21.0
P030,S6,W3_B,5,5.0,6,4,,,,0,88.0,,,,20.0,Self组,6,21.0
P030,S7,W4_A,5,4.0,5,4,,,,0,93.5,,,,18.0,Self组,6,19.0
P030,S8,W4_B,4,4.0,4,4,,,,0,83.0,,,,16.0,Self组,7,19.0
P034,S1,W1_A,5,4.0,5,4,,,,0,93.0,,,,18.0,Self组,6,19.0
P034,S2,W1_B,5,4.0,6,4,,,,0,81.5,,,,19.0,Self组,6,20.0
P034,S3,W2_A,6,4.0,5,5,,,,0,99.0,,,,20.0,Self组,5,19.0
P034,S4,W2_B,6,5.0,5,5,,,,0,87.5,,,,21.0,Self组,5,20.0
P034,S5,W3_A,6,6.0,5,5,,,,0,105.0,,,,22.0,Self组,5,21.0
P034,S6,W3_B,5,5.0,6,4,,,,0,93.0,,,,20.0,Self组,6,21.0
P034,S7,W4_A,5,4.0,5,4,,,,0,99.0,,,,18.0,Self组,6,19.0
P034,S8,W4_B,4,4.0,4,4,,,,0,87.5,,,,16.0,Self组,7,19.0
