ID,Session,Set,Load,Rep,GA,App
P006,S1,1,128.5,1,0.48,0.5
P006,S1,1,128.5,2,0.31,0.29
P006,S1,2,122.5,1,0.59,0.58
P006,S1,2,122.5,2,0.52,0.54
P006,S1,2,122.5,3,0.51,0.51
P006,S1,2,122.5,4,0.43,0.45
P006,S1,3,122.5,1,0.61,0.59
P006,S1,3,122.5,2,0.56,0.58
P006,S1,3,122.5,3,0.51,0.52
P006,S1,3,122.5,4,0.51,0.49
P006,S1,3,122.5,5,0.44,0.46
P006,S1,4,120.0,1,0.6,0.61
P006,S1,4,120.0,2,0.53,0.51
P006,S1,4,120.0,3,0.53,0.54
P006,S1,4,120.0,4,0.48,0.46
P006,S1,5,115.0,1,0.64,0.66
P006,S1,5,115.0,2,0.6,0.58
P006,S1,5,115.0,3,0.51,0.53
P006,S1,5,115.0,4,0.5,0.49
P006,S1,5,115.0,5,0.34,0.36
P016,S4,1,88.0,1,0.76,0.78
P016,S4,1,88.0,2,0.83,0.81
P016,S4,1,88.0,3,0.74,0.75
P016,S4,1,88.0,4,0.8,0.78
P016,S4,1,88.0,5,0.83,0.85
P016,S4,2,87.5,1,0.82,0.8
P016,S4,2,87.5,2,0.79,0.81
P016,S4,2,87.5,3,0.78,0.78
P016,S4,2,87.5,4,0.78,0.8
P016,S4,2,87.5,5,0.74,0.72
P016,S4,3,92.5,1,0.76,0.78
P016,S4,3,92.5,2,0.72,0.7
P016,S4,3,92.5,3,0.65,0.67
P016,S4,3,92.5,4,0.69,0.68
P025,S1,1,111.0,1,0.52,0.54
P025,S1,1,111.0,2,0.57,0.55
P025,S1,1,111.0,3,0.52,0.53
P025,S1,1,111.0,4,0.5,0.48
P025,S1,2,107.5,1,0.66,0.68
P025,S1,2,107.5,2,0.64,0.62
P025,S1,2,107.5,3,0.64,0.66
P025,S1,2,107.5,4,0.69,0.67
P025,S1,2,107.5,5,0.62,0.64
