受试者ID,组别,PreSE_条目均值,PostSE_条目均值,PreSE_平台总分,PostSE_平台总分,条目均值变化,平台总分变化
P001,AI组,100.0,100.0,66,66,0.0,0
P003,Self组,91.66666666666669,95.0,61,63,3.3333333333333144,2
P004,AI组,90.0,90.0,60,60,0.0,0
P005,AI组,93.33333333333331,100.0,62,66,6.666666666666686,4
P006,AI组,93.33333333333331,98.33333333333331,62,65,5.0,3
P007,AI组,83.33333333333333,91.66666666666669,56,61,8.333333333333357,5
P009,AI组,98.33333333333331,98.33333333333331,65,65,0.0,0
P010,AI组,90.0,96.66666666666669,60,65,6.666666666666686,5
P011,AI组,85.0,83.33333333333333,57,57,-1.6666666666666714,0
P012,Self组,90.0,100.0,60,64,10.0,4
P013,Self组,78.33333333333333,93.33333333333331,53,56,14.999999999999986,3
P014,Self组,100.0,83.33333333333333,66,66,-16.66666666666667,0
P015,Self组,90.0,81.66666666666667,60,62,-8.333333333333329,2
P016,AI组,88.33333333333333,96.66666666666669,59,64,8.333333333333357,5
P018,AI组,95.0,100.0,60,63,5.0,3
P019,Self组,100.0,90.0,63,66,-10.0,3
P020,Self组,91.66666666666669,100.0,66,66,8.333333333333314,0
P021,Self组,81.66666666666667,91.66666666666669,55,58,10.000000000000014,3
P023,Self组,81.66666666666667,100.0,55,57,18.33333333333333,2
P025,AI组,100.0,100.0,66,66,0.0,0
P027,Self组,91.66666666666669,93.33333333333331,61,62,1.6666666666666288,1
P029,Self组,90.0,100.0,60,66,10.0,6
P030,Self组,88.33333333333333,96.66666666666669,59,64,8.333333333333357,5
P034,Self组,73.33333333333333,80.0,50,54,6.666666666666671,4
