受试者ID,组别,SUS_Q1_原始分,SUS_Q2_原始分,SUS_Q3_原始分,SUS_Q4_原始分,SUS_Q5_原始分,SUS_Q6_原始分,SUS_Q7_原始分,SUS_Q8_原始分,SUS_Q9_原始分,SUS_Q10_原始分,SUS总分_标准公式,SUS总分_原表,SUS原表与重算差异
P001,AI组,4,2,4,3,4,2,4,3,4,3,67.5,85.0,17.5
P004,AI组,4,2,4,3,4,2,4,3,5,2,72.5,90.0,17.5
P005,AI组,4,3,3,3,4,3,3,3,4,3,57.5,77.5,20.0
P006,AI组,4,2,4,3,4,2,4,3,4,3,67.5,90.0,22.5
P007,AI组,4,2,4,3,4,2,4,4,4,3,65.0,87.5,22.5
P009,AI组,4,3,4,3,4,3,4,3,4,3,62.5,80.0,17.5
P010,AI组,4,2,4,3,4,2,4,3,4,3,67.5,85.0,17.5
P011,AI组,4,3,4,3,4,3,4,3,4,3,62.5,85.0,22.5
P016,AI组,4,2,4,3,4,2,4,3,4,3,67.5,90.0,22.5
P018,AI组,3,3,4,4,4,3,4,3,4,3,57.5,75.0,17.5
P025,AI组,4,2,4,3,4,2,4,3,4,3,67.5,82.5,15.0
