trial_id,vertical_axis,thoracolumbar_rise_m,arm_amp_m,thor_source,valid_markers
4,2,0.4299,0.4903,L_TH4,True
5,2,0.7480,0.3890,L_TH4,True
6,2,1.8226,0.3991,L_TH4,True
7,2,0.5842,0.5389,L_TH4,True
9,NA,NA,NA,NA,False
11,2,0.5140,0.5143,L_TH4,True
12,2,0.5647,0.4092,L_TH4,True
13,2,0.5409,0.5160,L_TH4,True
15,NA,NA,NA,NA,False
16,2,0.6429,0.6888,L_TH4,True
17,2,0.9656,0.7021,L_TH4,True
18,NA,NA,NA,NA,False
19,2,0.3615,0.3967,L_TH4,True
20,NA,NA,NA,NA,False
22,2,0.3109,0.4706,L_TH4,True
23,2,0.3005,0.4278,L_TH4,True
24,2,0.3166,0.4498,L_TH4,True
