序号,受试者ID,组别,测量时点,Pre_Q1_原始分,Pre_Q2_原始分,Pre_Q3_原始分,Pre_Q4_原始分,Pre_Q5_原始分,Pre_Q6_原始分,来源,平台总分_原始,Pre_条目合计,Pre_条目均值,平台总分与条目合计差
1,P001,AI组,Pre,100,100,100,100,100,100,微信,66,600,100.0,-534
2,P003,Self组,Pre,90,90,90,100,90,90,微信,61,550,91.66666666666669,-489
3,P004,AI组,Pre,80,80,90,90,100,100,微信,60,540,90.0,-480
4,P005,AI组,Pre,100,90,90,90,90,100,微信,62,560,93.33333333333331,-498
5,P006,AI组,Pre,100,100,100,80,90,90,微信,62,560,93.33333333333331,-498
6,P007,AI组,Pre,100,90,80,70,70,90,微信,56,500,83.33333333333333,-444
7,P009,AI组,Pre,100,100,100,90,100,100,微信,65,590,98.33333333333331,-525
8,P010,AI组,Pre,90,90,90,90,90,90,微信,60,540,90.0,-480
9,P011,AI组,Pre,80,80,90,70,90,100,微信,57,510,85.0,-453
10,P012,Self组,Pre,90,90,90,90,90,90,微信,60,540,90.0,-480
11,P013,Self组,Pre,60,80,90,90,80,70,微信,53,470,78.33333333333333,-417
12,P014,Self组,Pre,100,100,100,100,100,100,微信,66,600,100.0,-534
13,P015,Self组,Pre,80,100,80,80,100,100,微信,60,540,90.0,-480
14,P016,AI组,Pre,90,90,90,90,80,90,微信,59,530,88.33333333333333,-471
15,P018,AI组,Pre,90,90,100,90,100,100,微信,60,570,95.0,-510
16,P019,Self组,Pre,100,100,100,100,100,100,微信,63,600,100.0,-537
17,P020,Self组,Pre,100,90,90,90,90,90,微信,66,550,91.66666666666669,-484
18,P021,Self组,Pre,80,70,90,80,80,90,微信,55,490,81.66666666666667,-435
19,P023,Self组,Pre,80,80,80,80,90,80,微信,55,490,81.66666666666667,-435
20,P025,AI组,Pre,100,100,100,100,100,100,微信,66,600,100.0,-534
21,P027,Self组,Pre,90,90,90,100,90,90,微信,61,550,91.66666666666669,-489
22,P029,Self组,Pre,90,90,90,90,90,90,微信,60,540,90.0,-480
23,P030,Self组,Pre,80,90,90,90,90,90,微信,59,530,88.33333333333333,-471
24,P034,Self组,Pre,60,90,80,70,60,80,微信,50,440,73.33333333333333,-390
