序号,受试者ID,组别,测量时点,Post_Q1_原始分,Post_Q2_原始分,Post_Q3_原始分,Post_Q4_原始分,Post_Q5_原始分,Post_Q6_原始分,来源,平台总分_原始,Post_条目合计,Post_条目均值,平台总分与条目合计差
1,P001,AI组,Post,100,100,100,100,100,100,微信,66,600,100.0,-534
2,P003,Self组,Post,100,90,90,100,100,90,微信,63,570,95.0,-507
3,P004,AI组,Post,80,80,90,90,100,100,微信,60,540,90.0,-480
4,P005,AI组,Post,100,100,100,100,100,100,微信,66,600,100.0,-534
5,P006,AI组,Post,100,100,100,90,100,100,微信,65,590,98.33333333333331,-525
6,P007,AI组,Post,100,100,90,80,80,100,微信,61,550,91.66666666666669,-489
7,P009,AI组,Post,100,100,100,90,100,100,微信,65,590,98.33333333333331,-525
8,P010,AI组,Post,90,100,90,100,100,100,微信,65,580,96.66666666666669,-515
9,P011,AI组,Post,60,90,90,90,90,80,微信,57,500,83.33333333333333,-443
10,P012,Self组,Post,100,100,100,100,100,100,微信,64,600,100.0,-536
11,P013,Self组,Post,90,100,80,90,100,100,微信,56,560,93.33333333333331,-504
12,P014,Self组,Post,90,70,90,80,80,90,微信,66,500,83.33333333333333,-434
13,P015,Self组,Post,80,80,80,80,90,80,微信,62,490,81.66666666666667,-428
14,P016,AI组,Post,100,90,100,90,100,100,微信,64,580,96.66666666666669,-516
15,P018,AI组,Post,100,100,100,100,100,100,微信,63,600,100.0,-537
16,P019,Self组,Post,90,90,90,90,90,90,微信,66,540,90.0,-474
17,P020,Self组,Post,100,100,100,100,100,100,微信,66,600,100.0,-534
18,P021,Self组,Post,90,90,90,100,90,90,微信,58,550,91.66666666666669,-492
19,P023,Self组,Post,100,100,100,100,100,100,微信,57,600,100.0,-543
20,P025,AI组,Post,100,100,100,100,100,100,微信,66,600,100.0,-534
21,P027,Self组,Post,90,100,90,100,90,90,微信,62,560,93.33333333333331,-498
22,P029,Self组,Post,100,100,100,100,100,100,微信,66,600,100.0,-534
23,P030,Self组,Post,80,100,100,100,100,100,微信,64,580,96.66666666666669,-516
24,P034,Self组,Post,60,90,90,80,70,90,微信,54,480,80.0,-426
