受试者ID,组别,PU_Q1,PU_Q2,PU_Q3,PU_Q4,Trust_Q1,Trust_Q2,Trust_Q3,Trust_Q4,Intention_Q1,Intention_Q2,Intention_Q3,PU_均值,Trust_均值,Intention_均值
P001,AI组,5,4,5,4,5,4,5,4,5,4,5,4.5,4.5,4.666666666666667
P004,AI组,5,4,5,5,5,4,5,4,5,5,4,4.75,4.5,4.666666666666667
P005,AI组,4,4,4,5,4,4,5,4,4,4,5,4.25,4.25,4.333333333333333
P006,AI组,5,4,5,4,5,4,5,5,5,4,5,4.5,4.75,4.666666666666667
P007,AI组,5,5,4,4,5,4,5,4,5,4,4,4.5,4.5,4.333333333333333
P009,AI组,4,4,5,4,4,4,5,4,4,5,4,4.25,4.25,4.333333333333333
P010,AI组,5,4,4,4,5,4,4,4,5,4,4,4.25,4.25,4.333333333333333
P011,AI组,5,4,5,4,5,5,4,4,5,4,5,4.5,4.5,4.666666666666667
P016,AI组,5,4,5,4,5,4,5,4,5,4,4,4.5,4.5,4.333333333333333
P018,AI组,4,4,4,4,4,4,4,4,4,4,4,4.0,4.0,4.0
P025,AI组,5,4,5,4,5,4,5,4,5,5,5,4.5,4.5,5.0
