ID,Name,Age,Height_cm,BW_kg,SMM_kg,PBF_pct,ResistYears,Meas1RM,Rel1RM,Stratum,Group,EnteredPP,DropoutStage,DropoutReason,Completed1RM
P001,赵天一,23,176,74.5,35.8,14.20,2.5,135,1.81,高力量层,AI组,是,,是
P002,何天元,24,178,82.4,38.2,16.50,3,150,1.82,高力量层,AI组,否,随机分配后基线测试阶段,个人事务,是
P003,张文杰,22,172,69.0,32.5,15.10,2,115,1.67,低力量层,Self组,是,,是
P004,李浩然,25,180,79.2,36.5,17.00,3.5,130,1.64,低力量层,AI组,是,,是
P005,曾庆华,23,175,77.2,37.1,16.10,4,155,2.01,高力量层,AI组,是,,是
P006,陈镕垚,24,181,81.4,40.0,13.80,3.5,145,1.78,高力量层,AI组,是,,是
P007,陈鑫,20,173,59.4,29.5,12.80,2,110,1.85,高力量层,AI组,是,,是
P008,王智勇,26,179,80.5,36.8,18.20,2.5,125,1.55,低力量层,Self组,否,随机分配后基线测试阶段,个人事务,是
P009,王宏池,24,185,85.7,40.6,17.20,3,130,1.52,低力量层,AI组,是,,是
P010,张锦荣,29,174,73.0,33.1,19.90,2.5,120,1.64,低力量层,AI组,是,,是
P011,朱怀远,27,175,67.2,33.2,13.70,2,125,1.86,高力量层,AI组,是,,是
P012,张陈生,23,180,81.2,39.4,15.30,3.5,150,1.85,高力量层,Self组,是,,是
P013,刘世灏,28,186,75.6,37.2,13.70,2.5,120,1.59,低力量层,Self组,是,,是
P014,陶俊杰,23,174,68.8,35.3,11.10,4.5,170,2.47,高力量层,Self组,是,,是
P015,黄天祺,23,175,74.4,34.6,18.40,3,130,1.75,高力量层,Self组,是,,是
P016,杜遥,28,198,99.4,47.4,16.00,3,130,1.31,低力量层,AI组,是,,是
P017,周建国,28,177,76.0,35.0,17.50,2,120,1.58,低力量层,AI组,否,随机分配后基线测试阶段,个人事务,是
P018,孟维宇,26,182,75.5,35.5,16.70,2.5,122.5,1.62,低力量层,AI组,是,,是
P019,吴海峰,24,181,82.0,38.5,15.20,3.5,150,1.83,高力量层,Self组,是,,是
P020,郑小龙,22,170,67.5,32.0,14.80,2,115,1.70,低力量层,Self组,是,,是
P021,李浩然,25,172,76.3,34.7,19.90,2.5,120,1.57,低力量层,Self组,是,,是
P022,许立群,26,178,78.0,35.8,17.10,2,125,1.60,低力量层,AI组,否,随机分配后基线测试阶段,个人事务,是
P023,邓嘉伟,23,174,71.5,33.0,15.50,2.5,120,1.68,低力量层,Self组,是,,是
P024,彭修远,24,183,84.0,39.8,16.20,4,155,1.85,高力量层,Self组,否,随机分配后基线测试阶段,个人事务,是
P025,范芳忠,25,178,80.4,40.1,13.00,3.5,135,1.68,低力量层,AI组,是,,是
P026,古翔宇,22,180,77.8,36.5,15.00,3,135,1.74,高力量层,AI组,否,随机分配后基线测试阶段,个人事务,是
P027,曹光耀,23,172,70.0,32.8,15.80,2,110,1.57,低力量层,Self组,是,,是
P028,曾德明,26,179,80.0,37.0,16.80,3,130,1.63,低力量层,AI组,否,随机分配后基线测试阶段,腰部损伤,是
P029,潘承志,24,175,73.5,34.2,14.90,2.5,127.5,1.73,高力量层,Self组,是,,是
P030,袁国强,25,177,76.2,35.5,16.30,3,132.5,1.74,高力量层,Self组,是,,是
P031,蒋兆丰,22,171,68.0,31.5,16.50,1.5,105,1.54,低力量层,Self组,否,干预过程中,个人事务,是
P032,魏晨阳,23,182,81.0,38.0,15.40,3,135,1.67,低力量层,Self组,否,干预过程中,出勤率低,是
P033,韩博文,24,176,74.0,34.5,15.00,2.5,125,1.69,低力量层,AI组,否,干预过程中,出勤率低,是
P034,董家豪,25,180,79.5,37.2,15.90,3.5,140,1.76,高力量层,Self组,是,,是
P035,萧震亚,22,173,71.0,33.2,15.20,2,115,1.62,低力量层,Self组,否,干预过程中,出勤率低,是
P036,廖宇轩,23,178,77.0,36.0,15.70,3,135,1.75,高力量层,AI组,否,干预过程中,出勤率低,是
