ID,Name,Group,Stratum,Age,Height_cm,BW_kg,BMI,SMM_kg,SMMI,FFM_kg,FFMI,PBF_pct,Pre1RM,Post1RM,PreCMJ,PostCMJ,PreSJ,PostSJ,PreSE,PostSE,Freq_wk,ResistYears,VBT_exp,SquatLoad,TotalLoad,Sets,Reps,sRPE,Duration,AIVelHit,Attend_int,MissingSessions,AutoReduce,SelfAdj,HooperMean,SAE,NonSerAE
P001,赵天一,AI组,高力量层,23,176,74.5,24.05,35.8,11.56,63.92,20.64,14.2,135.0,152.5,62.5,69.2,57.0,63.5,68,85,2次/周,1-2年,否,14250,18520,29,108,6.2,850,82.5,7,S3,0,0,17.375,0,0
P003,张文杰,Self组,低力量层,22,172,69.0,23.32,32.5,10.99,58.58,19.8,15.1,115.0,122.5,56.0,59.8,51.2,54.5,60,68,2次/周,1-2年,否,11800,15200,28,102,6.8,750,NA,8,NA,NA,4.0,20.625,0,0
P004,李浩然,AI组,低力量层,25,180,79.2,24.44,36.5,11.27,65.74,20.29,17.0,130.0,145.0,58.5,65.2,53.0,58.8,65,82,3次/周,2-3年,否,13900,17800,29,106,6.1,840,85.0,8,NA,0,0,19.875,0,0
P005,曾庆华,AI组,高力量层,23,175,77.2,25.21,37.1,12.11,64.77,21.15,16.1,155.0,172.5,60.6,62.27,57.37,60.37,75,92,2次/周,1-2年,否,17450,22100,27,91,6.0,835,81.2,7,S1,0,0,16.875,0,0
P006,陈镕垚,AI组,高力量层,24,181,81.4,24.85,40.0,12.21,70.17,21.42,13.8,145.0,162.5,62.17,67.57,56.77,62.27,70,90,3次/周,1-2年,否,15820,20450,31,105,6.3,865,86.4,8,NA,0,0,17.5,0,0
P007,陈鑫,AI组,高力量层,20,173,59.4,19.85,29.5,9.86,51.8,17.31,12.8,110.0,112.5,66.33,71.67,62.6,63.63,58,78,≤1次/周,1-2年,否,11200,14800,28,102,7.2,805,76.5,8,NA,0,0,21.875,0,0
P009,王宏池,AI组,低力量层,24,185,85.7,25.04,40.6,11.86,70.96,20.73,17.2,130.0,135.0,55.5,63.13,54.93,59.67,62,70,3次/周,1-2年,否,12850,16500,26,92,7.0,805,69.0,8,NA,1,0,22.75,0,0
P010,张锦荣,AI组,低力量层,29,174,73.0,24.11,33.1,10.93,58.47,19.31,19.9,120.0,132.5,53.07,56.23,49.67,51.63,60,79,≤1次/周,1-2年,否,11980,15600,27,95,7.1,805,71.5,7,S6,1,0,25.125,0,0
P011,朱怀远,AI组,高力量层,27,175,67.2,21.94,33.2,10.84,57.99,18.94,13.7,125.0,130.0,68.4,74.57,62.53,67.73,68,86,3次/周,1-2年,否,13100,16900,29,104,6.1,830,88.0,8,NA,0,0,20.5,0,0
P012,张陈生,Self组,高力量层,23,180,81.2,25.06,39.4,12.16,68.78,21.23,15.3,150.0,155.0,65.37,66.07,60.87,62.93,74,80,2次/周,3年以上,否,16500,21200,30,110,6.2,830,NA,8,NA,NA,1.0,19.75,0,0
P013,刘世灏,Self组,低力量层,28,186,75.6,21.85,37.2,10.75,65.24,18.86,13.7,120.0,130.0,58.57,66.67,54.03,60.33,62,71,2次/周,1-2年,否,12650,16100,29,108,6.5,800,NA,8,NA,NA,6.0,20.125,0,0
P014,陶俊杰,Self组,高力量层,23,174,68.8,22.72,35.3,11.66,61.16,20.2,11.1,170.0,180.0,77.47,79.0,65.6,71.65,80,85,≥4次/周,3年以上,否,18600,23800,31,112,6.1,840,NA,8,NA,NA,1.0,16.625,0,0
P015,黄天祺,Self组,高力量层,23,175,74.4,24.29,34.6,11.3,60.71,19.82,18.4,130.0,147.5,55.43,56.07,54.1,52.6,66,85,≥4次/周,3年以上,否,13500,17200,29,104,6.4,820,NA,8,NA,NA,2.0,19.625,0,0
P016,杜遥,AI组,低力量层,28,198,99.4,25.35,47.4,12.09,83.5,21.3,16.0,130.0,135.0,52.37,52.03,47.33,48.2,66,84,≤1次/周,1-2年,否,12950,16800,26,94,6.5,780,78.2,8,NA,2,0,20.5,0,0
P018,孟维宇,AI组,低力量层,26,182,75.5,22.79,35.5,10.72,62.89,18.99,16.7,122.5,130.0,55.37,65.67,52.13,56.87,60,80,≤1次/周,1-2年,否,12100,15800,28,98,6.9,795,74.2,8,NA,0,0,20.375,0,0
P019,吴海峰,Self组,高力量层,24,181,82.0,25.03,38.5,11.75,69.54,21.23,15.2,150.0,162.5,63.5,67.0,58.0,61.2,72,78,3次/周,3年以上,否,15900,20200,30,108,6.3,830,NA,8,NA,NA,2.0,19.25,0,0
P020,郑小龙,Self组,低力量层,22,170,67.5,23.36,32.0,11.07,57.51,19.9,14.8,115.0,122.5,57.2,61.0,52.1,55.0,58,65,2次/周,1-2年,否,11500,14900,28,100,6.7,750,NA,8,NA,NA,4.0,20.375,0,0
P021,李浩然,Self组,低力量层,25,172,76.3,25.79,34.7,11.73,61.12,20.66,19.9,120.0,130.0,57.17,57.27,49.27,54.3,62,70,2次/周,1-2年,否,12800,16400,29,106,6.3,810,NA,8,NA,NA,3.0,19.5,0,0
P023,邓嘉伟,Self组,低力量层,23,174,71.5,23.62,33.0,10.9,60.42,19.96,15.5,120.0,127.5,55.0,58.6,50.0,53.2,61,68,2次/周,2-3年,否,12000,15400,28,102,6.6,760,NA,8,NA,NA,3.0,20.375,0,0
P025,范芳忠,AI组,低力量层,25,178,80.4,25.38,40.1,12.66,69.95,22.08,13.0,135.0,157.5,61.5,68.17,59.13,67.13,68,89,2次/周,2-3年,否,14600,18900,30,108,5.8,840,89.5,8,NA,0,0,21.5625,0,0
P027,曹光耀,Self组,低力量层,23,172,70.0,23.66,32.8,11.09,58.94,19.92,15.8,110.0,117.5,54.2,57.8,49.0,52.0,56,63,2次/周,1-2年,否,10800,14100,27,98,6.9,740,NA,8,NA,NA,5.0,21.125,0,0
P029,潘承志,Self组,高力量层,24,175,73.5,24.0,34.2,11.17,62.55,20.42,14.9,127.5,132.5,61.8,65.5,55.2,58.6,65,72,2次/周,2-3年,否,13000,16600,29,105,6.2,815,NA,8,NA,NA,2.0,20.125,0,0
P030,袁国强,Self组,高力量层,25,177,76.2,24.32,35.5,11.33,63.78,20.36,16.3,132.5,145.0,62.0,66.2,56.0,59.5,68,75,3次/周,2-3年,否,13800,17500,30,108,6.3,820,NA,8,NA,NA,1.0,19.75,0,0
P034,董家豪,Self组,高力量层,25,180,79.5,24.54,37.2,11.48,66.86,20.64,15.9,140.0,145.0,63.0,67.1,57.1,60.5,70,78,3次/周,3年以上,否,14500,18400,30,108,6.1,820,NA,8,NA,NA,2.0,19.75,0,0
