ID,Sess,Week,DayType,Sleep,Stress,Fatigue,Soreness,CMJ1,CMJ2,CMJ3,Trigger,WarmLoad,GA,App,CMJb,Group
P001,S1,W1,A,7,4.0,4,3,62.1,63.0,62.4,0,94.5,0.82,0.84,63.0,AI组
P001,S2,W1,B,6,5.0,5,4,62.5,63.1,62.8,0,94.5,0.79,0.81,63.1,AI组
P001,S3,W2,A,6,4.0,5,4,62.8,63.5,63.0,0,94.5,0.83,0.85,63.5,AI组
P001,S4,W2,B,5,6.0,5,5,63.2,63.8,63.5,0,94.5,0.81,0.82,63.8,AI组
P001,S5,W3,A,5,6.0,6,5,63.8,64.2,64.0,0,94.5,0.84,0.86,64.2,AI组
P001,S6,W3,B,6,5.0,5,5,64.0,64.5,64.1,0,94.5,0.81,0.83,64.5,AI组
P001,S7,W4,A,8,3.0,3,3,66.5,67.1,66.8,0,94.5,0.81,0.82,67.1,AI组
P001,S8,W4,B,8,2.0,2,3,68.9,69.5,69.2,0,94.5,0.83,0.85,69.5,AI组
P003,S1,W1,A,6,5.0,5,5,NA,NA,NA,0,80.5,NA,NA,NA,Self组
P003,S2,W1,B,6,5.0,6,5,NA,NA,NA,0,80.5,NA,NA,NA,Self组
P003,S3,W2,A,7,5.0,6,5,NA,NA,NA,0,80.5,NA,NA,NA,Self组
P003,S4,W2,B,6,5.0,6,5,NA,NA,NA,0,80.5,NA,NA,NA,Self组
P003,S5,W3,A,7,6.0,6,5,NA,NA,NA,0,80.5,NA,NA,NA,Self组
P003,S6,W3,B,6,5.0,6,6,NA,NA,NA,0,80.5,NA,NA,NA,Self组
P003,S7,W4,A,6,5.0,5,5,NA,NA,NA,0,80.5,NA,NA,NA,Self组
P003,S8,W4,B,5,5.0,5,4,NA,NA,NA,0,80.5,NA,NA,NA,Self组
P004,S1,W1,A,6,4.0,5,4,58.0,58.8,58.7,0,91.0,0.82,0.84,58.8,AI组
P004,S2,W1,B,6,5.0,5,5,58.2,59.0,59.2,0,91.0,0.83,0.85,59.2,AI组
P004,S3,W2,A,5,5.0,5,5,58.6,59.4,59.6,0,91.0,0.81,0.83,59.6,AI组
P004,S4,W2,B,6,6.0,5,5,58.4,59.1,59.5,0,91.0,0.82,0.84,59.5,AI组
P004,S5,W3,A,6,5.0,5,5,59.5,60.3,60.5,0,91.0,0.84,0.86,60.5,AI组
P004,S6,W3,B,5,5.0,5,5,60.6,61.4,61.6,0,91.0,0.85,0.87,61.6,AI组
P004,S7,W4,A,5,4.0,5,4,62.8,63.6,64.1,0,91.0,0.86,0.88,64.1,AI组
P004,S8,W4,B,4,4.0,4,4,64.5,65.3,65.8,0,91.0,0.88,0.90,65.8,AI组
P005,S1,W1,A,6,3.0,5,3,58.2,63.7,64.8,0,93.8,0.98,1.01,64.8,AI组
P005,S2,W1,B,7,3.0,4,5,64.1,63.2,63.2,0,77.7,1.07,1.10,64.1,AI组
P005,S3,W2,A,7,3.0,4,4,59.0,59.4,59.4,0,98.0,0.75,0.77,59.4,AI组
P005,S4,W2,B,6,4.0,6,4,62.0,60.8,59.0,0,81.9,1.06,1.09,62.0,AI组
P005,S5,W3,A,6,6.0,4,3,60.8,60.6,64.1,0,104.3,0.84,0.86,64.1,AI组
P005,S6,W3,B,7,6.0,5,5,58.7,59.0,59.6,0,86.1,1.01,1.04,59.6,AI组
P005,S7,W4,A,8,4.0,6,6,58.5,59.7,59.6,0,98.0,0.87,0.89,59.7,AI组
P005,S8,W4,B,7,3.0,3,2,63.0,64.0,63.5,0,81.9,1.12,1.15,64.0,AI组
P006,S1,W1,A,8,3.0,3,4,63.4,61.3,63.0,0,88.2,0.90,0.92,63.4,AI组
P006,S2,W1,B,7,7.0,6,3,61.3,62.5,61.3,0,48.0,1.28,1.31,62.5,AI组
P006,S3,W2,A,5,7.0,6,4,63.7,62.7,63.9,0,93.1,0.80,0.82,63.9,AI组
P006,S4,W2,B,5,8.0,5,4,62.7,62.5,62.7,0,52.0,1.22,1.25,62.7,AI组
P006,S5,W3,A,8,6.0,3,3,64.6,61.6,65.1,0,100.8,0.86,0.88,65.1,AI组
P006,S6,W3,B,8,5.0,5,3,66.6,63.2,64.8,0,55.5,1.06,1.08,66.6,AI组
P006,S7,W4,A,8,5.0,5,2,63.2,67.2,68.8,0,93.1,0.88,0.90,68.8,AI组
P006,S8,W4,B,7,4.0,4,3,70.1,68.8,68.8,0,52.0,1.14,1.17,70.1,AI组
P007,S1,W1,A,6,8.0,7,5,64.1,66.9,66.8,0,58.8,0.92,0.94,66.9,AI组
P007,S2,W1,B,8,7.0,6,6,68.2,69.1,69.3,0,34.0,0.97,1.00,69.3,AI组
P007,S3,W2,A,7,7.0,6,4,68.2,68.2,68.2,0,61.6,0.98,1.00,68.2,AI组
P007,S4,W2,B,7,6.0,6,5,67.7,69.2,69.7,0,36.0,1.01,1.03,69.7,AI组
P007,S5,W3,A,6,7.0,5,5,73.8,73.4,73.6,0,65.8,0.86,0.88,73.8,AI组
P007,S6,W3,B,6,7.0,7,5,73.8,70.8,69.1,0,36.0,1.06,1.08,73.8,AI组
P007,S7,W4,A,6,8.0,5,5,73.2,69.2,70.2,0,61.6,0.86,0.87,73.2,AI组
P007,S8,W4,B,7,5.0,5,3,71.2,72.0,71.8,0,36.0,1.10,1.12,72.0,AI组
P009,S1,W1,A,9,5.0,7,3,54.7,55.4,52.3,1,79.8,0.92,0.94,55.4,AI组
P009,S2,W1,B,8,6.0,6,5,55.0,55.8,54.8,0,45.0,1.02,1.05,55.8,AI组
P009,S3,W2,A,7,5.0,7,8,55.9,52.8,56.0,0,84.0,0.73,0.75,56.0,AI组
P009,S4,W2,B,7,6.0,8,6,60.9,59.0,62.8,0,48.0,0.94,0.96,62.8,AI组
P009,S5,W3,A,4,7.0,6,8,58.5,61.6,60.9,0,89.6,0.72,0.74,61.6,AI组
P009,S6,W3,B,7,6.0,6,4,61.4,62.3,62.7,0,51.0,0.96,0.98,62.7,AI组
P009,S7,W4,A,7,6.0,7,8,61.3,63.5,62.1,0,84.0,0.87,0.89,63.5,AI组
P009,S8,W4,B,7,7.0,6,7,62.5,61.1,60.4,0,48.0,0.96,0.99,62.5,AI组
P010,S1,W1,A,5,9.0,8,6,46.5,49.9,52.8,1,77.0,0.85,0.87,52.8,AI组
P010,S2,W1,B,6,7.0,7,6,51.0,51.8,50.8,0,38.5,0.92,0.94,51.8,AI组
P010,S3,W2,A,8,7.0,7,8,53.9,53.6,54.4,0,82.6,0.70,0.72,54.4,AI组
P010,S4,W2,B,7,7.0,6,8,55.7,55.2,54.2,0,42.5,0.90,0.92,55.7,AI组
P010,S5,W3,A,8,7.0,6,6,57.0,55.5,53.1,0,91.7,0.55,0.57,57.0,AI组
P010,S6,W3,B,6,8.0,7,5,53.4,52.4,52.9,0,46.5,0.78,0.80,53.4,AI组
P010,S7,W4,A,6,7.0,7,7,57.2,56.8,53.4,0,82.6,0.65,0.67,57.2,AI组
P010,S8,W4,B,6,7.0,7,5,59.4,57.0,58.5,0,42.5,0.84,0.86,59.4,AI组
P011,S1,W1,A,3,7.0,7,2,66.9,67.3,65.9,0,74.9,0.84,0.86,67.3,AI组
P011,S2,W1,B,5,6.0,6,4,67.2,68.0,67.3,0,37.5,0.98,1.01,68.0,AI组
P011,S3,W2,A,5,2.0,6,2,70.1,71.6,74.6,0,81.2,0.77,0.79,74.6,AI组
P011,S4,W2,B,5,5.0,6,3,70.2,71.9,71.6,0,41.5,0.88,0.90,71.9,AI组
P011,S5,W3,A,7,2.0,3,2,67.3,67.5,68.6,0,89.6,0.73,0.75,68.6,AI组
P011,S6,W3,B,4,5.0,5,4,70.1,70.8,70.6,0,43.5,0.95,0.97,70.6,AI组
P011,S7,W4,A,3,6.0,6,2,71.4,69.3,69.1,0,81.2,0.77,0.79,71.4,AI组
P011,S8,W4,B,3,5.0,7,8,73.8,71.4,74.2,0,41.5,0.94,0.96,74.2,AI组
P012,S1,W1,A,5,4.0,5,4,NA,NA,NA,0,85.0,NA,NA,NA,Self组
P012,S2,W1,B,5,4.0,6,4,NA,NA,NA,0,75.0,NA,NA,NA,Self组
P012,S3,W2,A,6,4.0,5,5,NA,NA,NA,0,90.0,NA,NA,NA,Self组
P012,S4,W2,B,6,5.0,6,4,NA,NA,NA,0,80.0,NA,NA,NA,Self组
P012,S5,W3,A,6,6.0,5,5,NA,NA,NA,0,95.0,NA,NA,NA,Self组
P012,S6,W3,B,5,5.0,6,4,NA,NA,NA,0,85.0,NA,NA,NA,Self组
P012,S7,W4,A,5,4.0,5,4,NA,NA,NA,0,90.0,NA,NA,NA,Self组
P012,S8,W4,B,4,4.0,4,4,NA,NA,NA,0,80.0,NA,NA,NA,Self组
P013,S1,W1,A,6,5.0,5,4,NA,NA,NA,0,75.0,NA,NA,NA,Self组
P013,S2,W1,B,6,5.0,6,4,NA,NA,NA,0,60.0,NA,NA,NA,Self组
P013,S3,W2,A,7,6.0,6,4,NA,NA,NA,0,80.0,NA,NA,NA,Self组
P013,S4,W2,B,6,6.0,6,4,NA,NA,NA,0,70.0,NA,NA,NA,Self组
P013,S5,W3,A,6,6.0,6,4,NA,NA,NA,0,85.0,NA,NA,NA,Self组
P013,S6,W3,B,6,5.0,6,4,NA,NA,NA,0,75.0,NA,NA,NA,Self组
P013,S7,W4,A,5,5.0,5,4,NA,NA,NA,0,80.0,NA,NA,NA,Self组
P013,S8,W4,B,4,4.0,5,4,NA,NA,NA,0,70.0,NA,NA,NA,Self组
P014,S1,W1,A,8,3.0,3,4,NA,NA,NA,0,88.2,NA,NA,NA,Self组
P014,S2,W1,B,7,4.0,5,3,NA,NA,NA,0,75.0,NA,NA,NA,Self组
P014,S3,W2,A,5,7.0,6,4,NA,NA,NA,0,93.1,NA,NA,NA,Self组
P014,S4,W2,B,5,8.0,5,4,NA,NA,NA,0,80.5,NA,NA,NA,Self组
P014,S5,W3,A,8,6.0,3,3,NA,NA,NA,0,100.8,NA,NA,NA,Self组
P014,S6,W3,B,8,5.0,5,3,NA,NA,NA,0,85.8,NA,NA,NA,Self组
P014,S7,W4,A,8,5.0,4,2,NA,NA,NA,0,93.1,NA,NA,NA,Self组
P014,S8,W4,B,7,4.0,3,2,NA,NA,NA,0,80.5,NA,NA,NA,Self组
P015,S1,W1,A,6,5.0,5,4,NA,NA,NA,0,65.0,NA,NA,NA,Self组
P015,S2,W1,B,7,6.0,5,4,NA,NA,NA,0,47.5,NA,NA,NA,Self组
P015,S3,W2,A,8,7.0,7,5,NA,NA,NA,0,59.5,NA,NA,NA,Self组
P015,S4,W2,B,7,6.0,5,5,NA,NA,NA,0,50.0,NA,NA,NA,Self组
P015,S5,W3,A,7,6.0,6,5,NA,NA,NA,0,63.0,NA,NA,NA,Self组
P015,S6,W3,B,6,5.0,5,5,NA,NA,NA,0,52.0,NA,NA,NA,Self组
P015,S7,W4,A,7,5.0,6,4,NA,NA,NA,0,59.5,NA,NA,NA,Self组
P015,S8,W4,B,6,4.0,4,4,NA,NA,NA,0,50.0,NA,NA,NA,Self组
P016,S1,W1,A,6,6.0,5,4,52.0,52.8,52.3,0,67.5,0.85,0.87,52.8,AI组
P016,S2,W1,B,6,6.0,6,4,52.4,53.2,52.8,0,43.5,1.01,1.03,53.2,AI组
P016,S3,W2,A,7,6.0,6,4,52.8,53.5,53.0,0,58.0,0.82,0.84,53.5,AI组
P016,S4,W2,B,7,6.0,7,3,48.0,48.8,48.1,1,46.5,1.02,1.04,48.8,AI组
P016,S5,W3,A,6,6.0,6,3,52.5,53.2,53.0,0,62.5,0.79,0.81,53.2,AI组
P016,S6,W3,B,7,6.0,7,6,49.2,50.2,49.8,1,49.5,1.00,1.02,50.2,AI组
P016,S7,W4,A,8,6.0,6,5,52.0,52.8,52.4,0,58.0,0.82,0.84,52.8,AI组
P016,S8,W4,B,6,6.0,5,4,52.6,53.4,53.1,0,46.5,0.91,0.93,53.4,AI组
P018,S1,W1,A,8,7.0,5,3,54.5,56.5,57.4,0,53.0,0.62,0.64,57.4,AI组
P018,S2,W1,B,7,6.0,5,3,59.0,60.9,62.0,0,43.5,0.93,0.95,62.0,AI组
P018,S3,W2,A,5,7.0,6,5,57.8,58.8,61.6,0,59.0,0.65,0.67,61.6,AI组
P018,S4,W2,B,6,7.0,5,3,60.2,61.2,62.2,0,45.5,0.91,0.93,62.2,AI组
P018,S5,W3,A,5,7.0,6,5,57.8,58.8,61.6,0,59.0,0.65,0.67,61.6,AI组
P018,S6,W3,B,6,6.0,5,4,61.0,62.0,63.0,0,48.0,0.95,0.97,63.0,AI组
P018,S7,W4,A,5,6.0,5,3,63.2,64.2,65.2,0,55.0,0.72,0.74,65.2,AI组
P018,S8,W4,B,5,5.0,5,3,64.8,65.8,66.4,0,45.5,1.01,1.03,66.4,AI组
P019,S1,W1,A,6,4.0,5,4,NA,NA,NA,0,100.0,NA,NA,NA,Self组
P019,S2,W1,B,6,5.0,5,4,NA,NA,NA,0,87.5,NA,NA,NA,Self组
P019,S3,W2,A,7,5.0,5,5,NA,NA,NA,0,107.5,NA,NA,NA,Self组
P019,S4,W2,B,6,5.0,5,5,NA,NA,NA,0,95.0,NA,NA,NA,Self组
P019,S5,W3,A,7,6.0,5,5,NA,NA,NA,0,112.5,NA,NA,NA,Self组
P019,S6,W3,B,6,5.0,5,5,NA,NA,NA,0,100.0,NA,NA,NA,Self组
P019,S7,W4,A,5,5.0,5,4,NA,NA,NA,0,107.5,NA,NA,NA,Self组
P019,S8,W4,B,5,4.0,4,4,NA,NA,NA,0,95.0,NA,NA,NA,Self组
P020,S1,W1,A,6,5.0,5,4,NA,NA,NA,0,77.5,NA,NA,NA,Self组
P020,S2,W1,B,6,5.0,5,5,NA,NA,NA,0,67.5,NA,NA,NA,Self组
P020,S3,W2,A,7,6.0,5,5,NA,NA,NA,0,82.5,NA,NA,NA,Self组
P020,S4,W2,B,6,6.0,5,5,NA,NA,NA,0,72.5,NA,NA,NA,Self组
P020,S5,W3,A,7,6.0,6,5,NA,NA,NA,0,87.5,NA,NA,NA,Self组
P020,S6,W3,B,6,6.0,6,5,NA,NA,NA,0,77.5,NA,NA,NA,Self组
P020,S7,W4,A,5,5.0,5,5,NA,NA,NA,0,82.5,NA,NA,NA,Self组
P020,S8,W4,B,5,4.0,5,4,NA,NA,NA,0,72.5,NA,NA,NA,Self组
P021,S1,W1,A,6,5.0,5,3,NA,NA,NA,0,80.0,NA,NA,NA,Self组
P021,S2,W1,B,6,5.0,5,4,NA,NA,NA,0,70.0,NA,NA,NA,Self组
P021,S3,W2,A,7,6.0,5,4,NA,NA,NA,0,85.0,NA,NA,NA,Self组
P021,S4,W2,B,6,6.0,5,4,NA,NA,NA,0,75.0,NA,NA,NA,Self组
P021,S5,W3,A,7,6.0,6,4,NA,NA,NA,0,90.0,NA,NA,NA,Self组
P021,S6,W3,B,6,6.0,6,4,NA,NA,NA,0,80.0,NA,NA,NA,Self组
P021,S7,W4,A,5,5.0,5,4,NA,NA,NA,0,85.0,NA,NA,NA,Self组
P021,S8,W4,B,5,4.0,5,4,NA,NA,NA,0,75.0,NA,NA,NA,Self组
P023,S1,W1,A,6,5.0,5,4,NA,NA,NA,0,80.0,NA,NA,NA,Self组
P023,S2,W1,B,6,5.0,5,5,NA,NA,NA,0,70.0,NA,NA,NA,Self组
P023,S3,W2,A,7,6.0,5,5,NA,NA,NA,0,85.0,NA,NA,NA,Self组
P023,S4,W2,B,6,6.0,5,5,NA,NA,NA,0,75.0,NA,NA,NA,Self组
P023,S5,W3,A,7,6.0,6,5,NA,NA,NA,0,90.0,NA,NA,NA,Self组
P023,S6,W3,B,6,6.0,6,5,NA,NA,NA,0,80.0,NA,NA,NA,Self组
P023,S7,W4,A,5,5.0,5,5,NA,NA,NA,0,85.0,NA,NA,NA,Self组
P023,S8,W4,B,5,4.0,5,4,NA,NA,NA,0,75.0,NA,NA,NA,Self组
P025,S1,W1,A,7,8.0,8,4,66.6,67.5,67.5,0,77.7,0.93,0.95,67.5,AI组
P025,S2,W1,B,6,8.0,7,7,63.2,64.1,65.5,0,46.0,1.04,1.07,65.5,AI组
P025,S3,W2,A,7,6.5,7,5,66.4,68.6,67.1,0,81.2,0.98,1.00,68.6,AI组
P025,S4,W2,B,6,6.0,7,3,65.7,68.0,68.4,0,48.5,1.11,1.13,68.4,AI组
P025,S5,W3,A,6,8.0,9,7,60.4,63.7,64.3,0,86.1,0.89,0.91,64.3,AI组
P025,S6,W3,B,5,6.0,4,3,67.2,68.4,67.1,0,51.0,1.01,1.03,68.4,AI组
P025,S7,W4,A,8,8.0,3,1,57.7,59.9,58.9,0,81.2,0.91,0.93,59.9,AI组
P025,S8,W4,B,7,6.0,4,1,65.0,67.7,63.2,0,48.5,1.11,1.14,67.7,AI组
P027,S1,W1,A,6,5.0,5,5,NA,NA,NA,0,73.5,NA,NA,NA,Self组
P027,S2,W1,B,6,5.0,6,5,NA,NA,NA,0,65.0,NA,NA,NA,Self组
P027,S3,W2,A,7,6.0,6,5,NA,NA,NA,0,78.0,NA,NA,NA,Self组
P027,S4,W2,B,6,6.0,6,5,NA,NA,NA,0,68.5,NA,NA,NA,Self组
P027,S5,W3,A,7,6.0,7,5,NA,NA,NA,0,82.5,NA,NA,NA,Self组
P027,S6,W3,B,6,6.0,6,6,NA,NA,NA,0,73.5,NA,NA,NA,Self组
P027,S7,W4,A,6,5.0,5,5,NA,NA,NA,0,78.0,NA,NA,NA,Self组
P027,S8,W4,B,5,5.0,5,4,NA,NA,NA,0,68.5,NA,NA,NA,Self组
P029,S1,W1,A,5,4.0,5,4,NA,NA,NA,0,85.0,NA,NA,NA,Self组
P029,S2,W1,B,5,4.0,6,4,NA,NA,NA,0,75.0,NA,NA,NA,Self组
P029,S3,W2,A,6,4.0,5,6,NA,NA,NA,0,90.0,NA,NA,NA,Self组
P029,S4,W2,B,6,5.0,5,4,NA,NA,NA,0,80.0,NA,NA,NA,Self组
P029,S5,W3,A,6,6.0,5,5,NA,NA,NA,0,95.0,NA,NA,NA,Self组
P029,S6,W3,B,5,5.0,6,5,NA,NA,NA,0,85.0,NA,NA,NA,Self组
P029,S7,W4,A,5,4.0,6,4,NA,NA,NA,0,90.0,NA,NA,NA,Self组
P029,S8,W4,B,4,4.0,5,4,NA,NA,NA,0,80.0,NA,NA,NA,Self组
P030,S1,W1,A,5,4.0,5,4,NA,NA,NA,0,88.0,NA,NA,NA,Self组
P030,S2,W1,B,5,4.0,6,4,NA,NA,NA,0,77.0,NA,NA,NA,Self组
P030,S3,W2,A,6,4.0,5,6,NA,NA,NA,0,93.5,NA,NA,NA,Self组
P030,S4,W2,B,6,5.0,5,4,NA,NA,NA,0,83.0,NA,NA,NA,Self组
P030,S5,W3,A,6,6.0,5,5,NA,NA,NA,0,99.0,NA,NA,NA,Self组
P030,S6,W3,B,5,5.0,6,4,NA,NA,NA,0,88.0,NA,NA,NA,Self组
P030,S7,W4,A,5,4.0,5,4,NA,NA,NA,0,93.5,NA,NA,NA,Self组
P030,S8,W4,B,4,4.0,4,4,NA,NA,NA,0,83.0,NA,NA,NA,Self组
P034,S1,W1,A,5,4.0,5,4,NA,NA,NA,0,93.0,NA,NA,NA,Self组
P034,S2,W1,B,5,4.0,6,4,NA,NA,NA,0,81.5,NA,NA,NA,Self组
P034,S3,W2,A,6,4.0,5,5,NA,NA,NA,0,99.0,NA,NA,NA,Self组
P034,S4,W2,B,6,5.0,5,5,NA,NA,NA,0,87.5,NA,NA,NA,Self组
P034,S5,W3,A,6,6.0,5,5,NA,NA,NA,0,105.0,NA,NA,NA,Self组
P034,S6,W3,B,5,5.0,6,4,NA,NA,NA,0,93.0,NA,NA,NA,Self组
P034,S7,W4,A,5,4.0,5,4,NA,NA,NA,0,99.0,NA,NA,NA,Self组
P034,S8,W4,B,4,4.0,4,4,NA,NA,NA,0,87.5,NA,NA,NA,Self组
