ID,Group,Q1,Q2,Q3,Q4,Q5,Q6
P001,AI组,100,100,100,100,100,100
P003,Self组,90,90,90,100,90,90
P004,AI组,80,80,90,90,100,100
P005,AI组,100,90,90,90,90,100
P006,AI组,100,100,100,80,90,90
P007,AI组,100,90,80,70,70,90
P009,AI组,100,100,100,90,100,100
P010,AI组,90,90,90,90,90,90
P011,AI组,80,80,90,70,90,100
P012,Self组,90,90,90,90,90,90
P013,Self组,60,80,90,90,80,70
P014,Self组,100,100,100,100,100,100
P015,Self组,80,100,80,80,100,100
P016,AI组,90,90,90,90,80,90
P018,AI组,90,90,100,90,100,100
P019,Self组,100,100,100,100,100,100
P020,Self组,100,90,90,90,90,90
P021,Self组,80,70,90,80,80,90
P023,Self组,80,80,80,80,90,80
P025,AI组,100,100,100,100,100,100
P027,Self组,90,90,90,100,90,90
P029,Self组,90,90,90,90,90,90
P030,Self组,80,90,90,90,90,90
P034,Self组,60,90,80,70,60,80
